BrandName,ProductName
Coca-Cola,Coke
Coca-Cola,Diet Coke
Coca-Cola,Coke Zero
Coca-Cola,Coca-Cola Zero Sugar
Coca-Cola,Cherry Coke
Coca-Cola,Vanilla Coke
Coca-Cola,Coca-Cola Life
Coca-Cola,Coca-Cola Energy
Coca-Cola,Coca-Cola with Coffee
Coca-Cola,Coca-Cola Orange Vanilla
Coca-Cola,Coca-Cola Cinnamon
Coca-Cola,Cherry Coke Zero
Coca-Cola,Vanilla Coke Zero
Pepsi,Pepsi-Cola
Pepsi,Pepsi Max
Pepsi,Pepsi Zero Sugar
Pepsi,Diet Pepsi
Pepsi,Pepsi Wild Cherry
Pepsi,Pepsi Vanilla
Pepsi,Pepsi Lime
Pepsi,Pepsi Real Sugar
Pepsi,Crystal Pepsi
Mountain Dew,Mtn Dew
Mountain Dew,Diet Mountain Dew
Mountain Dew,Mountain Dew Code Red
Mountain Dew,Mountain Dew Voltage
Mountain Dew,Mountain Dew Live Wire
Mountain Dew,Mountain Dew Pitch Black
Mountain Dew,Mountain Dew Kickstart
Sprite,Sprite Zero
Sprite,Sprite Lymonade
Sprite,Sprite Tropical Mix
Sprite,Sprite Cranberry
Fanta,Fanta Orange
Fanta,Fanta Grape
Fanta,Fanta Strawberry
Fanta,Fanta Pineapple
Fanta,Fanta Zero
Fanta,Fanta Berry
Fanta,Fanta Fruit Punch
Dr Pepper,Dr Pepper Cherry
Dr Pepper,Dr Pepper Cream Soda
Dr Pepper,Dr Pepper & Cream Soda
Dr Pepper,Diet Dr Pepper
Dr Pepper,Dr Pepper Zero Sugar
Dr Pepper,Dr Pepper TEN
7UP,7UP Cherry
7UP,Diet 7UP
7UP,7UP Zero Sugar
7UP,7UP Free
Canada Dry,Canada Dry Ginger Ale
Canada Dry,Canada Dry Club Soda
Canada Dry,Canada Dry Tonic Water
A&W,A&W Root Beer
A&W,A&W Cream Soda
A&W,A&W Zero Sugar
Barq's,Barq's Root Beer
Barq's,Barq's Red Creme Soda
Mello Yello,Mello Yello Zero
Sunkist,Sunkist Orange
Sunkist,Sunkist Strawberry
Crush,Crush Orange
Schweppes,Schweppes Ginger Ale
Schweppes,Schweppes Tonic Water
Fresca,Fresca Original
Minute Maid,Minute Maid Orange Juice
Minute Maid,Minute Maid Pulpy
Minute Maid,Minute Maid Lemonade
Simply,Simply Orange
Simply,Simply Lemonade
Simply,Simply Grapefruit
Simply,Simply Cranberry
Simply,Simply Almond
Simply,Simply Light
Simply,Simply Smoothie
Tropicana,Tropicana Pure Premium
Tropicana,Tropicana Essentials
Tropicana,Tropicana Farmstand
Tropicana,Tropicana Twister
Naked,Naked Juice
Naked,Naked Green Machine
Mott's,Mott's Apple Juice
Mott's,Mott's Applesauce
Mott's,Mott's for Tots
Capri Sun,Capri Sun Organic
Hawaiian Punch,Hawaiian Punch Fruit Juicy Red
Hawaiian Punch,Hawaiian Punch Green Berry Rush
V8,V8 Original
V8,V8 Fusion
V8,V8 Splash
V8,V8 Energy
Del Valle,Del Valle Juices
Gatorade,Gatorade Thirst Quencher
Gatorade,Gatorade Zero
Gatorade,Gatorade Frost
Gatorade,Gatorade Fierce
Powerade,Powerade Mountain Blast
Powerade,Powerade Zero
Powerade,Powerade Ultra
BodyArmor,BodyArmor Sports Drink
BodyArmor,BodyArmor Lyte
BodyArmor,BodyArmor Edge
BodyArmor,BodyArmor Flash IV
Propel,Propel Fitness Water
vitaminwater,vitaminwater Zero
vitaminwater,vitaminwater XXX
vitaminwater,vitaminwater Energy
Red Bull,Red Bull Energy Drink
Red Bull,Red Bull Sugarfree
Red Bull,Red Bull Zero
Red Bull,Red Bull Summer Edition
Red Bull,Red Bull Winter Edition
Red Bull,Red Bull Tropical Edition
Red Bull,Red Bull Organics
Monster Energy,Monster Ultra
Monster Energy,Monster Zero Sugar
Monster Energy,Monster Java
Monster Energy,Monster Rehab
Monster Energy,Monster Juice
Rockstar,Rockstar Energy
Rockstar,Rockstar Original
Rockstar,Rockstar Punched
Rockstar,Rockstar Recovery
Bang,Bang Energy
Celsius,Celsius Live Fit
Celsius,Celsius On-The-Go
Celsius,Celsius Heat
Celsius,Celsius BCAA
Celsius,Celsius Essentials
NOS,NOS Energy
AMP,AMP Energy
AMP,AMP Energy Drink
Reign,Reign Total Body Fuel
Reign,Reign Storm
Dasani,Dasani Purified Water
Dasani,Dasani Sparkling
Aquafina,Aquafina Purified Water
Aquafina,Aquafina FlavorSplash
Aquafina,Aquafina Alive
Smartwater,Smartwater Alkaline
Smartwater,Smartwater Antioxidant
Topo Chico,Topo Chico Mineral Water
Topo Chico,Topo Chico Hard Seltzer
Topo Chico,Topo Chico Twist of Lime
LaCroix,LaCroix Sparkling Water
LaCroix,LaCroix Cúrate
LaCroix,LaCroix NiCola
bubly,bubly sparkling water
bubly,bubly bounce
bubly,bubly drops
AHA,AHA Sparkling Water
AHA,AHA Lime Watermelon
Lipton,Lipton Tea
Lipton,Lipton Iced Tea
Lipton,Lipton Yellow Label
Gold Peak,Gold Peak Tea
Gold Peak,Gold Peak Sweet Tea
Gold Peak,Gold Peak Unsweetened
Pure Leaf,Pure Leaf Tea
Pure Leaf,Pure Leaf Iced Tea
Snapple,Snapple Lemon Tea
Snapple,Snapple Peach Tea
Snapple,Snapple Diet
Snapple,Snapple Elements
Honest Tea,Honest Tea Organic
Honest Tea,Honest Kids
Brisk,Brisk Iced Tea
Nescafé,Nescafé Gold
Nescafé,Nescafé Dolce Gusto
Nescafé,Nescafé Clásico
Nescafé,Nescafé Taster's Choice
Folgers,Folgers Classic Roast
Folgers,Folgers Black Silk
Folgers,Folgers Simply Smooth
Folgers,Folgers 1850
Maxwell House,Maxwell House Master Blend
Dunkin',Dunkin' Donuts Coffee
Dunkin',Dunkin' Original Blend
Starbucks,Starbucks Ready-to-Drink
Starbucks,Frappuccino
Starbucks,Doubleshot
Starbucks,Starbucks Refreshers
Green Mountain,Green Mountain Coffee
Green Mountain,Green Mountain Breakfast Blend
Peet's,Peet's Coffee
Peet's,Peet's Major Dickason's Blend
Café Bustelo,Café Bustelo Espresso
Keurig,K-Cup
Lay's,Lay's Classic
Lay's,Lay's Baked
Lay's,Lay's Kettle Cooked
Lay's,Lay's Poppables
Lay's,Lay's Stax
Lay's,Lay's Wavy
Lay's,Wavy Lay's
Lay's,Lay's Lightly Salted
Lay's,Baked Lay's
Doritos,Doritos Nacho Cheese
Doritos,Doritos Cool Ranch
Doritos,Doritos Flamin' Hot
Doritos,Doritos 3D
Doritos,Doritos Dinamita
Doritos,Doritos Jacked
Cheetos,Cheetos Crunchy
Cheetos,Cheetos Puffs
Cheetos,Cheetos Flamin' Hot
Cheetos,Cheetos Paws
Tostitos,Tostitos Original
Tostitos,Tostitos Scoops
Tostitos,Tostitos Hint of Lime
Fritos,Fritos Original
Fritos,Fritos Scoops
Fritos,Fritos Chili Cheese
Ruffles,Ruffles Original
Ruffles,Ruffles Cheddar & Sour Cream
Ruffles,Ruffles All Dressed
SunChips,SunChips Original
SunChips,SunChips Harvest Cheddar
SunChips,SunChips Garden Salsa
Pringles,Pringles Original
Pringles,Pringles Sour Cream & Onion
Pringles,Pringles Cheddar Cheese
Pringles,Pringles BBQ
Pringles,Pringles Pizza
Pringles,Pringles Jalapeño
Pringles,Pringles Ranch
Kettle Brand,Kettle Brand Potato Chips
Cape Cod,Cape Cod Chips
Oreo,Oreo Double Stuf
Oreo,Oreo Thins
Oreo,Oreo Golden
Oreo,Oreo Mega Stuf
Oreo,Oreo Cakesters
Chips Ahoy!,Chips Ahoy! Chewy
Chips Ahoy!,Chips Ahoy! Chunky
Ritz,Ritz Crackers
Ritz,Ritz Toasted Chips
Ritz,Ritz Crisp & Thins
Triscuit,Triscuit Original
Triscuit,Triscuit Cracked Pepper
Wheat Thins,Wheat Thins Original
Wheat Thins,Wheat Thins Hint of Salt
Cheez-It,Cheez-It Original
Cheez-It,Cheez-It White Cheddar
Cheez-It,Cheez-It Grooves
Cheez-It,Cheez-It Snap'd
Cheez-It,Cheez-It Duoz
Goldfish,Goldfish Crackers
Goldfish,Goldfish Colors
Goldfish,Goldfish Flavor Blasted
Goldfish,Goldfish Grahams
Nutter Butter,Nutter Butter Bites
Teddy Grahams,Teddy Grahams Chocolate
Milano,Milano Cookies
Milano,Milano Double Dark Chocolate
Fudge Stripes,Keebler Fudge Stripes
Cheerios,Honey Nut Cheerios
Cheerios,Multi-Grain Cheerios
Cheerios,Cheerios Oat Crunch
Cheerios,Apple Cinnamon Cheerios
Cheerios,Frosted Cheerios
Lucky Charms,Lucky Charms Frosted Flakes
Cinnamon Toast Crunch,Cinnamon Toast Crunch Churros
Frosted Flakes,Frosted Flakes Chocolate
Froot Loops,Froot Loops Marshmallow
Corn Flakes,Corn Flakes Honey Nut
Corn Flakes,Nestlé Corn Flakes
Rice Krispies,Rice Krispies Treats Cereal
Rice Krispies,Rice Krispies Treats
Rice Krispies,Rice Krispies Treats Original
Special K,Special K Red Berries
Special K,Special K Protein
Special K,Special K Vanilla Almond
Special K,Special K Bars
Special K,Special K Protein Meal Bars
Frosted Mini-Wheats,Frosted Mini-Wheats Blueberry
Frosted Mini-Wheats,Frosted Mini-Wheats Strawberry
Raisin Bran,Raisin Bran Crunch
Apple Jacks,Apple Jacks Caramel
All-Bran,All-Bran Buds
Krave,Krave Chocolate
Chex,Wheat Chex
Chex,Rice Chex
Chex,Corn Chex
Chex,Chocolate Chex
Chex,Chex Mix
Chex,Chex Mix Traditional
Chex,Chex Mix Bold
Chex,Chex Mix Muddy Buddies
Trix,Trix Yogurt
Life,Life Cereal
Life,Life Original
Cap'n Crunch,Cap'n Crunch Original
Cap'n Crunch,Cap'n Crunch Berries
Honey Bunches of Oats,Honey Bunches of Oats with Almonds
Pebbles,Fruity Pebbles
Pebbles,Cocoa Pebbles
Pebbles,Marshmallow Pebbles
Grape-Nuts,Grape-Nuts Flakes
Kix,Berry Berry Kix
Fiber One,Fiber One Honey Clusters
Fiber One,Fiber One Bars
Fiber One,Fiber One Brownies
Pop-Tarts,Pop-Tarts Frosted Strawberry
Pop-Tarts,Pop-Tarts Brown Sugar Cinnamon
Pop-Tarts,Pop-Tarts S'mores
Pop-Tarts,Pop-Tarts Bites
Pop-Tarts,Pop-Tarts Crisps
M&M's,M&M's Peanut
M&M's,M&M's Almond
M&M's,M&M's Caramel
M&M's,M&M's Peanut Butter
M&M's,M&M's Crispy
M&M's,M&M's Pretzel
M&M's,M&M's Dark Chocolate
Snickers,Snickers Almond
Snickers,Snickers Peanut Brownie
Snickers,Snickers Ice Cream
Milky Way,Milky Way Midnight
Milky Way,Milky Way Simply Caramel
Twix,Twix Peanut Butter
Twix,Twix Ice Cream
Twix,Twix Cookies & Creme
3 Musketeers,3 Musketeers Mint
Mars,Mars Almond
Dove,Dove Deodorant
Hershey's,Hershey's Milk Chocolate
Hershey's,Hershey's Special Dark
Hershey's,Hershey's Nuggets
Hershey's,Hershey's Drops
Hershey's,Hershey's Syrup
Hershey's,Hershey's Cocoa
Hershey's,Hershey's Kisses
Hershey's,Hershey's Kisses Almonds
Hershey's,Hershey's Kisses Special Dark
Reese's,Reese's Peanut Butter Cups
Reese's,Reese's Pieces
Reese's,Reese's Sticks
Reese's,Reese's Fast Break
Reese's,Reese's Outrageous
Reese's,Reese's Big Cup
Reese's,Reese's Miniatures
Reese's,Reese's Thins
Reese's,Reese's White
Kit Kat,Kit Kat Chunky
Kit Kat,Kit Kat Dark
Kit Kat,Kit Kat Big Kat
Kit Kat,Kit Kat Duo
Kit Kat,Kit Kat Duos Mint
Jolly Rancher,Jolly Rancher Hard Candy
Jolly Rancher,Jolly Rancher Gummies
Jolly Rancher,Jolly Rancher Lollipops
Ice Breakers,Ice Breakers Mints
Ice Breakers,Ice Breakers Gum
Ice Breakers,Ice Breakers Duo
Twizzlers,Twizzlers Strawberry
Twizzlers,Twizzlers Pull 'n' Peel
Twizzlers,Twizzlers Filled Twists
York,York Peppermint Pattie
York,York Pieces
Almond Joy,Almond Joy Pieces
Mounds,Mounds Pieces
Cadbury,Cadbury Dairy Milk
Cadbury,Cadbury Caramello
Cadbury,Cadbury Fruit & Nut
Cadbury,Cadbury Royal Dark
Cadbury,Cadbury Eggs
Cadbury,Cadbury Creme Egg
Cadbury,Cadbury Mini Eggs
Cadbury,Cadbury Wispa
Cadbury,Cadbury Twirl
Cadbury,Cadbury Flake
Cadbury,Cadbury Crunchie
Cadbury,Cadbury Eclairs
Milka,Milka Oreo
Milka,Milka Caramel
Toblerone,Toblerone Milk Chocolate
Toblerone,Toblerone Dark Chocolate
Skittles,Skittles Original
Skittles,Skittles Wild Berry
Skittles,Skittles Tropical
Skittles,Skittles Sour
Starburst,Starburst Original
Starburst,Starburst FaveREDs
Starburst,Starburst Duos
Starburst,Starburst Airs
Sour Patch Kids,Sour Patch Kids Watermelon
Lifesavers,Lifesavers Gummies
Häagen-Dazs,Häagen-Dazs Ice Cream Bars
Ben & Jerry's,Ben & Jerry's Chocolate Fudge Brownie
Ben & Jerry's,Ben & Jerry's Half Baked
Ben & Jerry's,Ben & Jerry's Cherry Garcia
Ben & Jerry's,Ben & Jerry's Chunky Monkey
Ben & Jerry's,Ben & Jerry's Phish Food
Breyers,Breyers Natural Vanilla
Breyers,Breyers Chocolate
Breyers,Breyers CarbSmart
Talenti,Talenti Gelato
Magnum,Magnum Classic
Magnum,Magnum Almond
Magnum,Magnum White
Magnum,Magnum Double
Klondike,Klondike Bar
Popsicle,Popsicle Orange
Good Humor,Good Humor Strawberry Shortcake
Yoplait,Yoplait Original
Yoplait,Yoplait Light
Yoplait,Yoplait Greek
Yoplait,Yoplait Whips
Yoplait,Yoplait Greek 100
Yoplait,Oui by Yoplait
Chobani,Chobani Greek Yogurt
Chobani,Chobani Flip
Chobani,Chobani Drink
Chobani,Chobani Oat
Chobani,Chobani Complete
Chobani,Chobani Zero Sugar
Chobani,Chobani Coffee
Dannon,Dannon Light & Fit
Dannon,Dannon Activia
Dannon,Dannon Oikos
Dannon,Dannon Two Good
Dannon,Dannon YoCrunch
Fage,Fage Total
Fage,Fage TruBlend
Fage,Fage BestSelf
Fage,Fage Crossovers
Siggi's,Siggi's Icelandic Skyr
Siggi's,Siggi's Plant-Based
Siggi's,Siggi's Filmjölk
Noosa,Noosa Yoghurt
Noosa,Noosa Mates
Go-GURT,Go-GURT Dunkers
Fairlife,Fairlife Ultra-Filtered Milk
Fairlife,Core Power
Fairlife,Core Power High Protein
Fairlife,fairlife CorePower
Oatly,Oatly Oat Milk
Oatly,Oatly Barista Edition
Oatly,Oatly Ice Cream
Oatly,Oatly Yogurt
Kraft,Kraft Singles
Kraft,Kraft Mac & Cheese
Kraft,Kraft Dinner
Kraft,Kraft Mayo
Kraft,Kraft Salad Dressing
Philadelphia,Philadelphia Cream Cheese
Philadelphia,Philadelphia Original
Philadelphia,Philadelphia Whipped
Philadelphia,Philadelphia Cream Cheese Spread
Velveeta,Velveeta Shells & Cheese
Cracker Barrel,Cracker Barrel Cheese
Heinz,Heinz Ketchup
Heinz,Heinz Tomato Ketchup
Heinz,Heinz 57
Heinz,Heinz BBQ Sauce
French's,French's Mustard
French's,French's Crispy Fried Onions
French's,French's Worcestershire
Frank's RedHot,Frank's RedHot Original
Frank's RedHot,Frank's RedHot Buffalo
Frank's RedHot,Frank's RedHot Xtra Hot
Cholula,Cholula Original
Cholula,Cholula Green Pepper
Cholula,Cholula Chipotle
Hidden Valley,Hidden Valley Ranch
Hidden Valley,Hidden Valley Greek Yogurt Ranch
Wishbone,Wishbone Salad Dressing
Hellmann's,Hellmann's Mayonnaise
Hellmann's,Hellmann's Real Mayonnaise
Best Foods,Best Foods Mayo
A.1.,A.1. Steak Sauce
Campbell's,Campbell's Condensed Soup
Campbell's,Campbell's Chunky
Campbell's,Campbell's Cream of Mushroom
Campbell's,Campbell's Tomato Soup
Campbell's,Campbell's Chicken Noodle
Campbell's,Campbell's Well Yes!
Campbell's,Campbell's Slow Kettle
Campbell's,Campbell's Homestyle
Progresso,Progresso Traditional
Progresso,Progresso Rich & Hearty
Hormel,Hormel Chili
Hormel,Hormel Compleats
Hormel,Hormel Pepperoni
Hormel,Hormel Rev
Dinty Moore,Dinty Moore Beef Stew
Spam,Spam Classic
Spam,Spam Lite
Spam,Spam Teriyaki
Spam,Spam Hot & Spicy
Prego,Prego Traditional
Prego,Prego Farmers' Market
Prego,Prego Alfredo
Classico,Classico Marinara
Bertolli,Bertolli Olive Oil
Bertolli,Bertolli Pasta Sauce
Stouffer's,Stouffer's Mac & Cheese
DiGiorno,DiGiorno Rising Crust
DiGiorno,DiGiorno Stuffed Crust
Tombstone,Tombstone Original
Totino's,Totino's Pizza Rolls
Ore-Ida,Ore-Ida Golden Fries
Ore-Ida,Ore-Ida Tater Tots
Eggo,Eggo Waffles
Eggo,Eggo Pancakes
Eggo,Eggo French Toast
Eggo,Eggo Thick & Fluffy
Oscar Mayer,Oscar Mayer Bologna
Oscar Mayer,Oscar Mayer Bacon
Oscar Mayer,Oscar Mayer Hot Dogs
Jimmy Dean,Jimmy Dean Sausage
Jimmy Dean,Jimmy Dean Breakfast Sandwiches
Jimmy Dean,Jimmy Dean Pancakes & Sausage
Hillshire Farm,Hillshire Farm Smoked Sausage
Hillshire Farm,Hillshire Farm Deli Meat
Hillshire Farm,Hillshire Farm Lit'l Smokies
Ball Park,Ball Park Franks
Ball Park,Ball Park Buns
Ball Park,Ball Park Flame Grilled Jerky
Tyson,Tyson Chicken Breast
Tyson,Tyson Chicken Nuggets
Tyson,Tyson Grilled & Ready
Tyson,Tyson Any'tizers
Tyson,Tyson Crispy Chicken Strips
Tyson,Tyson Air Fried Chicken
Jennie-O,Jennie-O Turkey
Jennie-O,Jennie-O Ground Turkey
Jennie-O,Jennie-O Turkey Bacon
Quaker,Quaker Oats
Quaker,Quaker Oatmeal
Quaker,Quaker Instant Oatmeal
Quaker,Quaker Old Fashioned
Quaker,Quaker Chewy
Quaker,Quaker Chewy Granola Bars
Quaker,Quaker Grits
Quaker,Quaker Rice Cakes
Quaker,Quaker Real Medleys
Quaker,Quaker Overnight Oats
Betty Crocker,Betty Crocker Cake Mix
Betty Crocker,Betty Crocker Frosting
Betty Crocker,Betty Crocker Cookie Mix
Betty Crocker,Betty Crocker Brownies
Betty Crocker,Betty Crocker Mashed Potatoes
Gold Medal,Gold Medal Flour
Nestlé,Toll House
Nestlé,Nestlé Toll House Morsels
Jif,Jif Creamy
Jif,Jif Crunchy
Jif,Jif Natural
Jif,Jif To Go
Jif,Jif Extra Crunchy
Skippy,Skippy Creamy
Skippy,Skippy Super Chunk
Skippy,Skippy Natural
Smucker's,Smucker's Strawberry Jam
Smucker's,Smucker's Grape Jelly
Smucker's,Smucker's Preserves
Smucker's,Smucker's Natural
Smucker's,Smucker's Sugar Free
Smucker's,Smucker's Uncrustables
Tide,Tide PODS
Tide,Tide Free & Gentle
Tide,Tide Hygienic Clean
Tide,Tide Plus
Tide,Tide Simply
Tide,Tide To Go
Tide,Tide Ultra Oxi
Tide,Tide with Bleach
Tide,Tide Antibacterial
Gain,Gain Flings
Gain,Gain Botanicals
Gain,Gain Aroma Boost
Gain,Gain Fireworks
Gain,Gain Liquid
Downy,Downy Unstopables
Downy,Downy WrinkleGuard
Downy,Downy Light
Downy,Downy Free & Gentle
Downy,Downy Infusions
Bounce,Bounce Pet Hair & Lint Guard
Bounce,Bounce Rapid Touch-Up
Dreft,Dreft Stage 1
Dreft,Dreft Stage 2
Dreft,Dreft Platinum
All,All Laundry Detergent
Arm & Hammer,Arm & Hammer Cat Litter
Xtra,Xtra Laundry Detergent
Snuggle,Snuggle Fabric Softener
Suavitel,Suavitel Fabric Softener
OxiClean,OxiClean MaxForce
OxiClean,OxiClean Versatile Stain Remover
OxiClean,OxiClean Laundry Detergent
Febreze,Febreze Air
Febreze,Febreze Fabric
Febreze,Febreze Car
Febreze,Febreze Plug
Febreze,Febreze Small Spaces
Febreze,Febreze Wax Melts
Clorox,Clorox Bleach
Clorox,Clorox Disinfecting Wipes
Clorox,Clorox ToiletWand
Clorox,Clorox 2
Clorox,Clorox Splash-Less
Clorox,Clorox Free & Clear
Clorox,Clorox Scentiva
Pine-Sol,Pine-Sol Original
Pine-Sol,Pine-Sol Lavender
Fabuloso,Fabuloso All-Purpose Cleaner
Mr. Clean,Mr. Clean Magic Eraser
Mr. Clean,Mr. Clean with Febreze
Dawn,Dawn Platinum
Dawn,Dawn Powerwash
Dawn,Dawn Ultra
Palmolive,Palmolive Dish Liquid
Palmolive,Palmolive Naturals
Palmolive,Palmolive Body Wash
Ajax,Ajax Dish Liquid
Ajax,Ajax Powder Cleanser
Cascade,Cascade Platinum
Cascade,Cascade Complete
Swiffer,Swiffer WetJet
Swiffer,Swiffer Sweeper
Swiffer,Swiffer Dusters
Swiffer,Swiffer PowerMop
Murphy Oil Soap,Murphy Wood Cleaner
Bounty,Bounty Quick-Size
Bounty,Bounty Essentials
Charmin,Charmin Ultra Soft
Charmin,Charmin Ultra Strong
Charmin,Charmin Essentials
Puffs,Puffs Plus
Puffs,Puffs Ultra Soft
Glad,Glad ForceFlex
Glad,Glad Tall Kitchen Bags
Glad,Glad Food Storage Bags
Glad,Glad Press'n Seal
Glad,Glad ClingWrap
Glad,Glad FreshWorks Produce Saver
Pampers,Pampers Swaddlers
Pampers,Pampers Cruisers
Pampers,Pampers Baby Dry
Pampers,Pampers Pure
Pampers,Pampers Easy Ups
Pampers,Pampers UnderJams
Pampers,Pampers Kandoo
Pampers,Pampers Aqua Pure
Luvs,Luvs Ultra Leakguards
Gerber,Gerber Good Start
Gerber,Gerber Graduates
Gerber,Gerber Organic
Johnson's,Johnson's Baby
Always,Always Infinity
Always,Always Ultra Thin
Always,Always Radiant
Always,Always Discreet
Always,Always Pure
Always,Always Dailies
Kotex,U by Kotex
Olay,Olay Regenerist
Olay,Olay Total Effects
Olay,Olay ProX
Olay,Olay Retinol24
Olay,Olay Luminous
Olay,Regenerist
Nivea,Nivea Men
Vaseline,Vaseline Petroleum Jelly
Vaseline,Vaseline Lotion
St. Ives,St. Ives Scrub
Pond's,Pond's Cold Cream
Pantene,Pantene Pro-V
Pantene,Pantene Gold Series
Pantene,Pantene Nutrient Blends
Pantene,Pantene Sulfate Free
Head & Shoulders,Head & Shoulders Clinical Solutions
Head & Shoulders,Head & Shoulders Supreme
Herbal Essences,Herbal Essences bio:renew
Aussie,Aussie 3 Minute Miracle
Aussie,Aussie Instant Freeze
TRESemmé,TRESemmé Shampoo
TRESemmé,TRESemmé Conditioner
Suave,Suave Shampoo
Clairol,Clairol Nice'n Easy
Gillette,Gillette Fusion
Gillette,Gillette Mach3
Gillette,Gillette SkinGuard
Gillette,Gillette Venus
Gillette,Gillette ProGlide
Gillette,Gillette Labs
Gillette,Gillette Intimate
Venus,Venus Sensitive
Venus,Venus Extra Smooth
Venus,Venus Swirl
Venus,Venus Snap
Venus,Venus for Pubic Hair & Skin
Braun,Braun Series
Old Spice,Old Spice High Endurance
Old Spice,Old Spice Swagger
Old Spice,Old Spice Pure Sport
Old Spice,Old Spice Fiji
Old Spice,Old Spice Bearglove
Secret,Secret Clinical Strength
Secret,Secret Fresh
Secret,Secret Outlast
Degree,Degree Deodorant
Sure,Sure Deodorant
Speed Stick,Speed Stick Deodorant
Lady Speed Stick,Lady Speed Stick Invisible Dry
Axe,Axe Body Spray
Axe,Axe Body Wash
Axe,Axe Deodorant
Brut,Brut Aftershave
Irish Spring,Irish Spring Bar Soap
Irish Spring,Irish Spring Body Wash
Native,Native Deodorant
Crest,Crest 3D White
Crest,Crest Pro-Health
Crest,Crest Gum Detoxify
Crest,Crest Sensi-Relief
Colgate,Colgate Total
Colgate,Colgate Optic White
Colgate,Colgate Max Fresh
Colgate,Colgate Sensitive
Colgate,Colgate Advanced Whitening
Colgate,Colgate Kids
Colgate,Colgate Cavity Protection
Colgate,Colgate Enamel Health
Tom's of Maine,Tom's of Maine Toothpaste
Tom's of Maine,Tom's of Maine Deodorant
Scope,Scope Outlast
Oral-B,Oral-B iO
Oral-B,Oral-B Genius
Oral-B,Oral-B Pro
Oral-B,Oral-B Vitality
Fixodent,Fixodent Plus
Polident,Polident 3 Minute
Glide,Glide Comfort Plus
Aspirin,Bayer Aspirin
Vicks,Vicks VapoRub
Vicks,Vicks DayQuil
Vicks,Vicks NyQuil
Vicks,Vicks Sinex
Vicks,Vicks Formula 44
Pepto-Bismol,Pepto-Bismol Ultra
Prilosec,Prilosec OTC
Metamucil,Metamucil 4-in-1
Vitafusion,Vitafusion Gummy Vitamins
Purina,Purina ONE
Purina,Purina Pro Plan
Pedigree,Pedigree Adult
Pedigree,Pedigree Puppy
Pedigree,Pedigree Small Dog
Pedigree,Pedigree Dentastix
Iams,Iams Proactive Health
Iams,Iams Perfect Portions
Eukanuba,Eukanuba Breed Specific
Blue Buffalo,Blue Buffalo Life Protection Formula
Blue Buffalo,Blue Wilderness
Blue Buffalo,Blue Buffalo Freedom
Blue Buffalo,Blue Buffalo Basics
Blue Buffalo,Blue Buffalo True Solutions
Blue Buffalo,Blue Buffalo Natural Veterinary Diet
Science Diet,Hill's Science Diet
Dog Chow,Dog Chow Little Bites
Kibbles 'n Bits,Kibbles 'n Bits Original
Milk-Bone,Milk-Bone Original
Milk-Bone,Milk-Bone MaroSnacks
Milk-Bone,Milk-Bone Soft & Chewy
Beggin',Beggin' Strips
Greenies,Greenies Dental Chews
Fancy Feast,Fancy Feast Appetizers
Fancy Feast,Fancy Feast Broths
Fancy Feast,Fancy Feast Creamy Delights
Fancy Feast,Fancy Feast Duos
Fancy Feast,Fancy Feast Flaked
Fancy Feast,Fancy Feast Gravy Lovers
Fancy Feast,Fancy Feast Medleys
Fancy Feast,Purely Fancy Feast
Friskies,Friskies Party Mix
Friskies,Friskies Pull 'n Play
Friskies,Friskies Lil' Grillers
Friskies,Friskies Shreds
Meow Mix,Meow Mix Original Choice
Meow Mix,Meow Mix Tender Centers
Meow Mix,Meow Mix Simple Servings
9Lives,9Lives Daily Essentials
9Lives,9Lives Plus Care
Whiskas,Whiskas Dry
Whiskas,Whiskas Wet
Whiskas,Whiskas Temptations
Sheba,Sheba Perfect Portions
Tidy Cats,Tidy Cats Breeze
Tidy Cats,Tidy Cats Glade
Tidy Cats,Tidy Cats LightWeight
Tidy Cats,Tidy Cats Naturally Strong
Temptations,Temptations Mixups
Target,Good & Gather
Target,Favorite Day
Target,Market Pantry
Target,Up & Up
Target,Cat & Jack
Target,Cloud Island
Target,Pillowfort
Target,Brightroom
Target,Room Essentials
Target,Threshold
Target,Project 62
Target,Opalhouse
Target,Made By Design
Target,A New Day
Target,Universal Thread
Target,Goodfellow & Co
Target,All in Motion
Target,Smartly
Walmart,Great Value
Walmart,Equate
Walmart,Marketside
Walmart,Freshness Guaranteed
Walmart,Sam's Choice
Walmart,Parent's Choice
Walmart,Ol' Roy
Walmart,Special Kitty
Walmart,Faded Glory
Walmart,George
Walmart,Athletic Works
Walmart,Mainstays
Walmart,Better Homes & Gardens
Walmart,Ozark Trail
Walmart,Hyper Tough
Walmart,Kid Connection
Walmart,Pen+Gear
Walmart,Time and Tru
Kirkland,Kirkland Signature
Kirkland,Kirkland Organic
Trader Joe's,Trader Joe's Organic
Trader Joe's,Trader Ming's
Trader Joe's,Trader José's
Trader Joe's,Trader Giotto's
Trader Joe's,Trader Jacques'
Trader Joe's,Baker Josef's
Trader Joe's,Arabian Joe
365,365 by Whole Foods Market
365,365 Everyday Value
365,365 Organic
Kroger,Simple Truth
Kroger,Simple Truth Organic
Kroger,Private Selection
Kroger,Kroger Brand
Albertsons,O Organics
Albertsons,Lucerne
Albertsons,Signature Select
Albertsons,Signature Farms
Albertsons,Open Nature
Albertsons,Waterfront Bistro
Gap,Gap Kids
Gap,babyGap
Gap,GapBody
Gap,GapFit
Old Navy,Old Navy Maternity
Old Navy,Old Navy Kids
Old Navy,Old Navy Baby
Banana Republic,Banana Republic Factory
Athleta,Athleta Girl
American Eagle,AE
Aerie,Aerie Real
Aerie,Offline by Aerie
Abercrombie & Fitch,Abercrombie Kids
Hollister,Hollister Co.
Victoria's Secret,Victoria's Secret Pink
Victoria's Secret,Victoria's Secret Body
Victoria's Secret,Victoria's Secret Sport
Victoria's Secret,Victoria's Secret Beauty
Victoria's Secret,Victoria's Secret Dream Angels
Victoria's Secret,Victoria's Secret Bombshell
Victoria's Secret,Victoria's Secret Very Sexy
Nike,Jordan
Nike,Air Jordan
Nike,Air Max
Nike,Air Force 1
Converse,Chuck Taylor All Star
Converse,Converse One Star
Skechers,Skechers Performance
Skechers,Skechers Sport
Skechers,Skechers USA
Skechers,BOBS from Skechers
Skechers,Skechers Work
Skechers,Skechers Street
Skechers,Skechers GOwalk
Skechers,Skechers D'Lites
Bath & Body Works,Bath & Body Works Signature Collection
Bath & Body Works,Bath & Body Works Men's
Bath & Body Works,Bath & Body Works Body Lotion
Bath & Body Works,Bath & Body Works Body Cream
Bath & Body Works,Bath & Body Works Shower Gel
Bath & Body Works,Bath & Body Works Body Spray
Bath & Body Works,Bath & Body Works Fine Fragrance Mist
Bath & Body Works,Bath & Body Works Hand Soap
Bath & Body Works,Bath & Body Works Antibacterial Hand Gel
Bath & Body Works,Bath & Body Works Pocket Bac
Bath & Body Works,Bath & Body Works 3-Wick Candles
Bath & Body Works,Bath & Body Works Single Wick Candles
Bath & Body Works,Bath & Body Works Wallflowers
Bath & Body Works,Bath & Body Works Room Spray
Bath & Body Works,Bath & Body Works Car Fragrance
Bath & Body Works,White Barn
Bath & Body Works,White Barn Candles
Brita,Brita Pitchers
Brita,Brita Filters
Brita,Brita Bottles
PUR,PUR Faucet Filters
Kingsford,Kingsford Charcoal
Kingsford,Match Light
Kingsford,Kingsford Match Light
Clif,Clif Bar
Clif,Clif Kid
Clif,Luna Bar
Clif,Clif Nut Butter Bar
Clif,Clif Builders
Clif,Clif Bloks
Clif,Clif Shot
Clif,Clif Organic Energy Food
KIND,KIND Bars
KIND,KIND Healthy Grains
KIND,KIND Frozen
KIND,KIND Breakfast
Quest,Quest Bar
Quest,Quest Protein Chips
Quest,Quest Cookies
Quest,Quest Pizza
Quest,Quest Hero Bar
Quest,Quest Peanut Butter Cups
RXBAR,RXBAR Protein Bars
Nature Valley,Nature Valley Granola Bars
Nature Valley,Nature Valley Crunchy
Nature Valley,Nature Valley Protein
Perfect Bar,Perfect Bar Original
Perfect Bar,Perfect Bar Kids
Premier Protein,Premier Protein Shakes
Premier Protein,Premier Protein Bars
Boost,Boost Plus
Boost,Boost Glucose Control
Core Power,Core Power High Protein
Beyond Meat,Beyond Burger
Beyond Meat,Beyond Sausage
Beyond Meat,Beyond Chicken
Beyond Meat,Beyond Beef
Beyond Meat,Beyond Meatballs
Beyond Meat,Beyond Breakfast Sausage
Impossible Foods,Impossible Burger
Impossible Foods,Impossible Sausage
Impossible Foods,Impossible Chicken Nuggets
Impossible Foods,Impossible Pork
Morningstar Farms,Morningstar Farms Veggie Burgers
Morningstar Farms,Morningstar Farms Chik'n
Amy's,Amy's Organic
Amy's,Amy's Frozen Meals
Amy's,Amy's Soups
Amy's,Amy's Pizza
Amy's,Amy's Burrito
Budweiser,Bud Light
Budweiser,Bud Ice
Corona,Corona Extra
Corona,Corona Light
Corona,Corona Premier
Corona,Corona Familiar
Corona,Corona Refresca
Modelo,Modelo Especial
Modelo,Modelo Negra
Modelo,Modelo Chelada
Modelo,Modelo Oro
Heineken,Heineken 0.0
Miller,Miller Lite
Miller,Miller High Life
Miller,Miller Genuine Draft
Coors,Coors Light
Coors,Coors Banquet
Guinness,Guinness Draught
Guinness,Guinness Foreign Extra
Pacifico,Pacifico Clara
Kim Crawford,Kim Crawford Sauvignon Blanc
Meiomi,Meiomi Pinot Noir
Jack Daniel's,Jack Daniel's Tennessee Whiskey
Jack Daniel's,Jack Daniel's Tennessee Honey
Jack Daniel's,Jack Daniel's Tennessee Fire
Jack Daniel's,Jack Daniel's Single Barrel
Jack Daniel's,Jack Daniel's Gentleman Jack
Jim Beam,Jim Beam Bourbon
Jim Beam,Jim Beam Black
Jim Beam,Jim Beam Honey
Jim Beam,Jim Beam Apple
Maker's Mark,Maker's Mark Bourbon
Maker's Mark,Maker's 46
Grey Goose,Grey Goose Vodka
Grey Goose,Grey Goose Essences
Grey Goose,Grey Goose La Poire
Patrón,Patrón Silver
Patrón,Patrón Reposado
Patrón,Patrón Añejo
Bacardi,Bacardi Superior
Bacardi,Bacardi Gold
Bacardi,Bacardi Black
Bacardi,Bacardi Spiced
Bacardi,Bacardi Limón
Bacardi,Bacardi Raspberry
Bacardi,Bacardi Coconut
