CompanyName,BrandName
Nestlé,Aberfoyle
Nestlé,Abuelita
Nestlé,Acqua Panna
Nestlé,Acti-V
Nestlé,ActiPlus
Nestlé,Aero
Nestlé,After Eight
Nestlé,Aguila
Nestlé,Aino
Nestlé,Al Manhal
Nestlé,Alaçam
Nestlé,Alcon
Nestlé,Alfamino
Nestlé,Alfare
Nestlé,All Stars
Nestlé,Allen's
Nestlé,Alpino
Nestlé,Althera
Nestlé,Amor Wafer
Nestlé,Animal Bar
Nestlé,Aqua Mineral
Nestlé,Aqua Pod
Nestlé,Aqua Spring
Nestlé,Aquarel
Nestlé,Arctic
Nestlé,Arrowhead
Nestlé,Atrium Innovations
Nestlé,Bakers
Nestlé,Balaton
Nestlé,Baraka
Nestlé,Bear
Nestlé,Beba
Nestlé,Bertie Beetle
Nestlé,Besos de Moza
Nestlé,Beta
Nestlé,Big Turk
Nestlé,Black Magic
Nestlé,Blue Bottle Coffee Company
Nestlé,Blue Riband
Nestlé,Boci
Nestlé,Bolero
Nestlé,Bon Pari
Nestlé,Bona
Nestlé,Bonio
Nestlé,Bonka
Nestlé,Bonnie
Nestlé,Bono
Nestlé,Boost
Nestlé,Branston Pickle
Nestlé,Breakaway
Nestlé,Buitoni
Nestlé,Buondi
Nestlé,Buxton
Nestlé,CHEF
Nestlé,Cailler
Nestlé,California Pizza Kitchen
Nestlé,Calistoga
Nestlé,Camy
Nestlé,Capri
Nestlé,Caramac
Nestlé,Carlos V
Nestlé,Carlton
Nestlé,Carnation
Nestlé,Carnation Instant Breakfast
Nestlé,Caro
Nestlé,Carpathia
Nestlé,Carre
Nestlé,Castor & Pollux
Nestlé,Cerelac
Nestlé,Chambinho
Nestlé,Chameleon Cold-Brew
Nestlé,Chamyto
Nestlé,Chandelle
Nestlé,Charge
Nestlé,Charmoise
Nestlé,Cheerios
Nestlé,Chef-Mate
Nestlé,Chiquitín
Nestlé,Chocapic
Nestlé,Choclait Chips
Nestlé,Choco Crossies
Nestlé,Chokita
Nestlé,Chokito
Nestlé,Christina
Nestlé,Chuckie
Nestlé,Ciego Montero
Nestlé,Cini Minis
Nestlé,Club
Nestlé,Clusters
Nestlé,Cocosette
Nestlé,Coffee Crisp
Nestlé,Coffee-Mate
Nestlé,Companies
Nestlé,Compleat
Nestlé,Contrex
Nestlé,Cookie Crisp
Nestlé,Cracker
Nestlé,Cremositas
Nestlé,Cristalp
Nestlé,Crucial
Nestlé,Crunch
Nestlé,Curiously Cinnamon
Nestlé,Curiously Strawberry
Nestlé,D'Onofrio
Nestlé,Da Shan YunNan Spring
Nestlé,Dairy Box
Nestlé,Damak
Nestlé,Dancow
Nestlé,Dar Natury
Nestlé,Davigel
Nestlé,Deep Spring
Nestlé,Deer Park
Nestlé,Delissio
Nestlé,DiGiorno
Nestlé,Diabetisource
Nestlé,Dolca
Nestlé,Dolce Gusto
Nestlé,Douglas Laboratories
Nestlé,Dreyer's
Nestlé,Drifter
Nestlé,Drumstick
Nestlé,Ecco
Nestlé,Eco de los Andes
Nestlé,El Chaná
Nestlé,Enviga
Nestlé,Erikli
Nestlé,Eskimo
Nestlé,Essentia
Nestlé,Estrelitas
Nestlé,Extrême
Nestlé,FM 85
Nestlé,Farine Lactée
Nestlé,Farinha Láctea
Nestlé,Fibersource
Nestlé,Fido
Nestlé,Fido Freeze
Nestlé,Fitness
Nestlé,Fizzfindle
Nestlé,Freshly
Nestlé,Frigor
Nestlé,Frische Brise
Nestlé,Frisco
Nestlé,Friskies
Nestlé,Froneri
Nestlé,Fruit Gums
Nestlé,Fruit Pastilles
Nestlé,Fruity Water
Nestlé,Galak
Nestlé,Galak/Milkybar
Nestlé,Gale's Honey
Nestlé,Garden Gourmet
Nestlé,Garden of Life
Nestlé,Garoto
Nestlé,Gauchitas
Nestlé,Genestra
Nestlé,Gerber
Nestlé,Ghadeer
Nestlé,Glaciar
Nestlé,Glytrol
Nestlé,Go Cat
Nestlé,Gold Flakes
Nestlé,Golden Grahams
Nestlé,Golden Nuggets
Nestlé,Good Start
Nestlé,Guigoz
Nestlé,Haoji
Nestlé,Heaven
Nestlé,Henniez
Nestlé,Hercules Bars
Nestlé,Herta Foods
Nestlé,Hidden Spring
Nestlé,Hirz
Nestlé,Hjem-IS
Nestlé,Honey Stars
Nestlé,Hot Pockets
Nestlé,Häagen-Dazs
Nestlé,Hälsans Kök
Nestlé,Hépar
Nestlé,Ice Mountain
Nestlé,Impact
Nestlé,International Roast
Nestlé,Isosource
Nestlé,JOJO
Nestlé,Jack's Pizza
Nestlé,Jelly Tots
Nestlé,Joe
Nestlé,Joff
Nestlé,Juicy Jellies
Nestlé,Kimo
Nestlé,Kimy
Nestlé,Kirma
Nestlé,Kit Kat
Nestlé,Kit-Kat Cereal
Nestlé,Koko Krunch
Nestlé,Kotijäätelö
Nestlé,L'Oréal
Nestlé,LC1
Nestlé,La Laitière
Nestlé,La Lechera
Nestlé,La Vie
Nestlé,Lactalis
Nestlé,Lactogen
Nestlé,Le Viennois
Nestlé,Lean Cuisine
Nestlé,Lean Pockets
Nestlé,Levissima
Nestlé,Libby's
Nestlé,Lily's Kitchen
Nestlé,Lion
Nestlé,Lion Cereal
Nestlé,Lists
Nestlé,Lollo
Nestlé,Longa Vida
Nestlé,Los Portales
Nestlé,Loumidis
Nestlé,Lucky Dog
Nestlé,Mabel's
Nestlé,Maggi
Nestlé,Magnolia
Nestlé,Malher
Nestlé,María Maizena
Nestlé,Mat Kool
Nestlé,Matchmakers
Nestlé,Maverick
Nestlé,Maxibon
Nestlé,McKay
Nestlé,Meritene
Nestlé,Merrick
Nestlé,Mezeast
Nestlé,Milo
Nestlé,Mindful Chef
Nestlé,Minor's
Nestlé,Mint Pattie
Nestlé,Minties
Nestlé,Minéré
Nestlé,Mio
Nestlé,Mirage
Nestlé,Mivvi
Nestlé,Modulen
Nestlé,Molico
Nestlé,Mon Petit
Nestlé,Montclair
Nestlé,Moraditas
Nestlé,Motta
Nestlé,Mountain Blend
Nestlé,Moça
Nestlé,Munch Bunch
Nestlé,Munchies
Nestlé,Mövenpick
Nestlé,NAN AL 110
Nestlé,NAN Infinipro HA
Nestlé,NAN Optipro
Nestlé,NAN Sensitive
Nestlé,NanKid
Nestlé,NanSoy
Nestlé,NaturNes
Nestlé,Nature's Bounty
Nestlé,Nałęczowianka
Nestlé,Negresco
Nestlé,Nescafé
Nestlé,Nescau
Nestlé,Nescau Cereal
Nestlé,Neslac
Nestlé,Nespresso
Nestlé,Nesquik
Nestlé,Nesquik Breakfast Cereal
Nestlé,Nestea
Nestlé,Nestle Caja Roja
Nestlé,Nestlé
Nestlé,Nestlé Alpine White
Nestlé,Nestlé Bear
Nestlé,Nestlé Classic
Nestlé,Nestlé Corn Flakes
Nestlé,Nestlé Dessert
Nestlé,Nestlé Dibs
Nestlé,Nestlé Extrafino
Nestlé,Nestlé Ice
Nestlé,Nestlé Milk Chocolate
Nestlé,Nestlé Munch
Nestlé,Nestlé Omega Plus
Nestlé,Nestlé Princessa
Nestlé,Nestlé Quik
Nestlé,Nestlé Raita
Nestlé,Nestlé Selda
Nestlé,Nestlé Toll House cookies
Nestlé,Nestlé Vera
Nestlé,Nestlé Wonder Ball
Nestlé,Nestlé Yes
Nestlé,Nestlé Yogurt
Nestlé,Nestlé with Almonds
Nestlé,Nestogen
Nestlé,Nestogen Kid 3+
Nestlé,Neston
Nestlé,Nesvita
Nestlé,Neuselters
Nestlé,Nido
Nestlé,Nigeria
Nestlé,Ninho
Nestlé,Novasource Renal
Nestlé,Nutren
Nestlé,Nuts
Nestlé,Nuun
Nestlé,Optifast
Nestlé,Optifibre
Nestlé,Orgain
Nestlé,Orion
Nestlé,Osteo Bi-Flex
Nestlé,Outshine
Nestlé,Ovaltine
Nestlé,Ozarka
Nestlé,Papa Giuseppe
Nestlé,Partner's Blend
Nestlé,Passatempo
Nestlé,Pejo
Nestlé,Peppermint Crisp
Nestlé,Peptamen
Nestlé,Perrier
Nestlé,Persona Nutrition
Nestlé,Perugina
Nestlé,Pet79
Nestlé,PetLife
Nestlé,Petrópolis
Nestlé,Pick & Mix
Nestlé,Piltti
Nestlé,Pingviini
Nestlé,Plaistowe
Nestlé,Plancoët
Nestlé,Poland Spring
Nestlé,Polo
Nestlé,Porvenir
Nestlé,PreNan
Nestlé,Prestige
Nestlé,Prestígio
Nestlé,Pria
Nestlé,Princes Gate
Nestlé,Princessa
Nestlé,Pure Encapsulations
Nestlé,Pure Life
Nestlé,Pure Life/Pureza Vital/Vie Pure
Nestlé,Purina
Nestlé,Purina Alpo
Nestlé,Purina Beggin' Strips
Nestlé,Purina Beneful
Nestlé,Purina Busy Bone
Nestlé,Purina Cat Chow
Nestlé,Purina Dental Life
Nestlé,Purina Dog Chow
Nestlé,Purina Fancy Feast
Nestlé,Purina Felix
Nestlé,Purina Gourmet
Nestlé,Purina ONE
Nestlé,Purina Pro Plan
Nestlé,Puritan's Pride
Nestlé,Push-Up
Nestlé,Quality Street
Nestlé,Quik
Nestlé,Quézac
Nestlé,Randoms
Nestlé,Rawaytee Maza
Nestlé,Real Dairy
Nestlé,Recoaro
Nestlé,Republic of Cats
Nestlé,Resorb
Nestlé,Resource
Nestlé,Ricacao
Nestlé,Ricoffy
Nestlé,Ricoré
Nestlé,Ristretto
Nestlé,Rolo
Nestlé,Romanette
Nestlé,Rosquitas
Nestlé,Rowntree's
Nestlé,S.Pellegrino
Nestlé,SMA
Nestlé,Sahne Nuss
Nestlé,Saint-Lambert
Nestlé,Sainte-Alix
Nestlé,Salvado
Nestlé,Samba
Nestlé,Sanbittèr
Nestlé,Santa Bárbara
Nestlé,Santa Maria
Nestlé,Santa Rica
Nestlé,Savory
Nestlé,Savoy
Nestlé,Schöller
Nestlé,Scorched Almonds
Nestlé,Sensação
Nestlé,Shredded Wheat
Nestlé,Shreddies
Nestlé,Sical
Nestlé,Ski
Nestlé,Ski Dairy
Nestlé,Skinny Cow
Nestlé,Smarties
Nestlé,SnackAttack
Nestlé,Sohat
Nestlé,Solgar
Nestlé,Sollys
Nestlé,Sorbetes
Nestlé,Special.T
Nestlé,Springs
Nestlé,Starbucks
Nestlé,Stouffer's
Nestlé,Sublime
Nestlé,Suflair
Nestlé,Sunar
Nestlé,Sundy
Nestlé,Sunrise
Nestlé,Super 8
Nestlé,Supercoat
Nestlé,Supligen
Nestlé,Sustagen
Nestlé,Susy
Nestlé,Sveltesse
Nestlé,Svelty
Nestlé,Svitoch
Nestlé,Sweet Earth Foods
Nestlé,Sweet Leaf Tea
Nestlé,Sweet N Tasty Yogurt
Nestlé,Szerencsi
Nestlé,São Lourenço
Nestlé,TOP
Nestlé,Tails
Nestlé,Tango
Nestlé,Tango Mini Galletas
Nestlé,Taster's Choice
Nestlé,Temptations
Nestlé,Tendre Noix
Nestlé,Texan Bar
Nestlé,Theodora
Nestlé,Thomy
Nestlé,Tidy Cats
Nestlé,Tip Top
Nestlé,Tofa
Nestlé,Toffee Crisp
Nestlé,Tola
Nestlé,Toll House
Nestlé,Tombstone
Nestlé,Tooty Frooties
Nestlé,Totalcare
Nestlé,Totole
Nestlé,Trencito
Nestlé,Triangulo
Nestlé,Trix
Nestlé,Trophic
Nestlé,Turtles
Nestlé,Twin Pops
Nestlé,Uncle Tobys
Nestlé,Underground is
Nestlé,Valvert
Nestlé,Viladrau
Nestlé,Vital Proteins
Nestlé,Vittel
Nestlé,Wafer
Nestlé,Wagner Pizza
Nestlé,Walnut Whip
Nestlé,Water Line
Nestlé,Waterman
Nestlé,Whole Earth Farms
Nestlé,Winalot
Nestlé,Winiary
Nestlé,Wobenzym
Nestlé,Wyeth
Nestlé,XXX mints
Nestlé,Yapita
Nestlé,Yelly
Nestlé,Yoco
Nestlé,"York, Emily Bryson"
Nestlé,Yorkie
Nestlé,Zephyrhills
Nestlé,Zoégas
Nestlé,Zvečevo
Nestlé,f.a.a
Nestlé,zer0% Fat
Nestlé,Åhusglass
Nestlé,Δέλτα
Nestlé,Κorpi
Nestlé,Делта
LVMH,24S
LVMH,Acqua di Parma
LVMH,Ao Yun
LVMH,Ardbeg
LVMH,Armani
LVMH,BITE Beauty
LVMH,Belmond
LVMH,Belvedere
LVMH,Benefit Cosmetics
LVMH,Berluti
LVMH,Bulgari
LVMH,Bulgari Hotel and Resorts
LVMH,Celine
LVMH,Chandon
LVMH,Chaumet
LVMH,Cheval des Andes
LVMH,Christian Dior Couture
LVMH,Château Cheval Blanc
LVMH,Château Galoupet
LVMH,Château Minuty
LVMH,Château d'Esclans
LVMH,Château d'Yquem
LVMH,Clos des Lambrays
LVMH,Cloudy Bay
LVMH,Colgin Cellars
LVMH,Connaissance des Arts
LVMH,Cova
LVMH,DFS
LVMH,Daniel Roth
LVMH,Dom Pérignon
LVMH,Emilio Pucci
LVMH,Fendi
LVMH,Fenty Beauty
LVMH,Fred
LVMH,Gerald Genta
LVMH,Givenchy
LVMH,Glenmorangie
LVMH,Guerlain
LVMH,Hennessy
LVMH,Hublot
LVMH,Investir
LVMH,JW Anderson
LVMH,Jardin d'Acclimatation
LVMH,Kapital
LVMH,Kenzo
LVMH,Kenzo Parfums
LVMH,Krug
LVMH,La Grande Epicerie
LVMH,La Samaritaine
LVMH,Le Bon Marché
LVMH,Le Parisien
LVMH,Les Echos
LVMH,Loewe
LVMH,Loro Piana
LVMH,Louis Vuitton
LVMH,Maison Francis Kurkdjian
LVMH,Make Up For Ever
LVMH,Marc Jacobs
LVMH,Marc Jacobs Beauty
LVMH,Mercier
LVMH,Moynat
LVMH,Moët & Chandon
LVMH,Newton Vineyard
LVMH,Officine Universelle Buly
LVMH,Ole Henriksen
LVMH,Parfums Christian Dior
LVMH,Parfums Givenchy
LVMH,Paris Match
LVMH,Patou
LVMH,Perfumes Loewe
LVMH,Phoebe Philo
LVMH,Radio Classique
LVMH,Repossi
LVMH,Rimowa
LVMH,Royal Van Lent
LVMH,Ruinart
LVMH,Sephora
LVMH,TAG Heuer
LVMH,Terrazas de los Andes
LVMH,Tiffany & Co
LVMH,Veuve Clicquot
LVMH,Vuarnet
LVMH,Zenith
PepsiCo,7UP
PepsiCo,7UP Free
PepsiCo,AMP Energy
PepsiCo,Agousha
PepsiCo,Alvalle
PepsiCo,Aquafina
PepsiCo,Aquafina FlavorSplash
PepsiCo,Aunt Jemima
PepsiCo,Baconzitos
PepsiCo,Bagel Chips
PepsiCo,Baken-EtsChicharrones
PepsiCo,Breakfast Bars
PepsiCo,Bubly sparkling water
PepsiCo,Caffeine Free Diet Mountain Dew
PepsiCo,Caffeine Free Mountain Dew
PepsiCo,Caffeine Free Pepsi
PepsiCo,Cap'n Crunch
PepsiCo,Cheetos
PepsiCo,Cheetos Cheese Flavored Snacks
PepsiCo,Chester's
PepsiCo,Chester's Flavored Fries
PepsiCo,Chester's Popcorn
PepsiCo,Chipsy
PepsiCo,Chudo
PepsiCo,Citrus Blast
PepsiCo,Coffee Drinks
PepsiCo,Cracker Jack
PepsiCo,Crunchy
PepsiCo,Crush
PepsiCo,Diet 7UP
PepsiCo,Diet Caffeine Free Pepsi
PepsiCo,Diet Lipton Brisk WL
PepsiCo,Diet Mist Twst
PepsiCo,Diet Mist Twst Cranberry
PepsiCo,Diet Mountain Dew
PepsiCo,Diet Mountain Dew Code Red
PepsiCo,Diet Mug
PepsiCo,Diet Pepsi
PepsiCo,Diet Pepsi Lime
PepsiCo,Diet Sierra Mist / Stary
PepsiCo,Diet Wild Cherry Pepsi
PepsiCo,Domik v Derevne
PepsiCo,Doritos
PepsiCo,Duyvis
PepsiCo,El IslenoPlaintain Chips
PepsiCo,Elma Chips
PepsiCo,Emperador
PepsiCo,Evervess
PepsiCo,Fandangos
PepsiCo,Frito-Lay
PepsiCo,Frito-Lay Nuts & Seeds
PepsiCo,Fritos
PepsiCo,Fruktoviy Sad
PepsiCo,Frustyle
PepsiCo,Funyuns
PepsiCo,G2
PepsiCo,Gamesa Cookies and Wafers
PepsiCo,Gatorade
PepsiCo,Gatorade G Series FIT Perform 02 Workout Hydration
PepsiCo,Gatorade G Series FIT Prime 01 Pre-Workout Fuel
PepsiCo,Gatorade G Series FIT Recover 03 Post-Workout Recovery
PepsiCo,Gatorade G Series PRO 01 Carbohydrate Energy Formula
PepsiCo,Gatorade G Series PRO 01 Nutrition Bar
PepsiCo,Gatorade G Series PRO 01 Nutrition Shake
PepsiCo,Gatorade G Series PRO 02 Endurance Formula
PepsiCo,Gatorade G Series PRO 02 Perform Gatorlytes
PepsiCo,Gatorade G Series PRO 03 Protein Recovery Shake
PepsiCo,Gatorade G Series PRO Prime +
PepsiCo,Gatorade G Series PRO Recover +
PepsiCo,Gatorade G Series Prime 01
PepsiCo,Gatorade G Series Recover 03
PepsiCo,Gatorade G2
PepsiCo,Gatorade G2 Natural
PepsiCo,Gatorade Natural
PepsiCo,Gatorade Thirst Quencher
PepsiCo,Gatorade Zero
PepsiCo,Grandma's
PepsiCo,Grandma's Cookies
PepsiCo,Hickory Sticks
PepsiCo,Hostess Potato Chips
PepsiCo,Imunele
PepsiCo,Ivi
PepsiCo,Izze
PepsiCo,Kas
PepsiCo,KhrusTeam
PepsiCo,King Vitaman
PepsiCo,Kretschmer
PepsiCo,Kurkure
PepsiCo,L-theanine
PepsiCo,Lay's
PepsiCo,Lay's Stax
PepsiCo,Lehar
PepsiCo,Life
PepsiCo,Lifewater
PepsiCo,Lipton Brisk Fruit Punch
PepsiCo,Lipton Brisk Lemon
PepsiCo,Lipton Brisk Lemonade
PepsiCo,Lipton Brisk Sweet Tea
PepsiCo,Lubimy
PepsiCo,Manzanita Sol
PepsiCo,Marbo
PepsiCo,Marias Gamesa
PepsiCo,Matutano
PepsiCo,Maui StylePotato Chips
PepsiCo,Mirinda
PepsiCo,Miss Vickie's
PepsiCo,Mist Twst
PepsiCo,Mist Twst Cherry
PepsiCo,Mist Twst Cranberry
PepsiCo,Mother's Ready-to-Eat & Hot Cereals
PepsiCo,Mountain Dew
PepsiCo,Mountain Dew Code Red
PepsiCo,Mountain Dew Energy
PepsiCo,Mountain Dew Game Fuel
PepsiCo,Mountain Dew Kickstart
PepsiCo,Mountain Dew Livewire
PepsiCo,Mountain Dew Throwback
PepsiCo,Mountain Dew Voltage
PepsiCo,Mountain Dew White Out
PepsiCo,Mug
PepsiCo,Munchies
PepsiCo,Munchies Snack Crackers
PepsiCo,Munchies Snack Mix
PepsiCo,Munchos
PepsiCo,Naked
PepsiCo,Near East
PepsiCo,Nobati
PepsiCo,Nut Harvest Nuts
PepsiCo,O.N.E
PepsiCo,Other
PepsiCo,Paso de los Toros
PepsiCo,Pasta Roni
PepsiCo,Pearl Milling
PepsiCo,Pepsi
PepsiCo,Pepsi Atom
PepsiCo,Pepsi Azuki
PepsiCo,Pepsi Black
PepsiCo,Pepsi Blue
PepsiCo,Pepsi Edge
PepsiCo,Pepsi Gold
PepsiCo,Pepsi Green
PepsiCo,Pepsi Ice Cucumber
PepsiCo,Pepsi Max
PepsiCo,Pepsi Mont Blanc
PepsiCo,Pepsi Next
PepsiCo,Pepsi One
PepsiCo,Pepsi Pink
PepsiCo,Pepsi Salty Watermelon
PepsiCo,Pepsi Shiso
PepsiCo,Pepsi Throwback
PepsiCo,Pepsi Twist
PepsiCo,Pepsi White
PepsiCo,Pepsi Wild Cherry
PepsiCo,Pepsi Zero Sugar
PepsiCo,Pioneer Foods
PepsiCo,Propel
PepsiCo,Propel Zero
PepsiCo,Puffed Wheat
PepsiCo,Punica
PepsiCo,Quaker
PepsiCo,Quaker Life Cereal
PepsiCo,Quisp
PepsiCo,Rice Snacks
PepsiCo,Rice-A-Roni
PepsiCo,Rockstar
PepsiCo,Rockstar Energy Drink
PepsiCo,Rold Gold
PepsiCo,Rosquinhas Mabel
PepsiCo,Ruffles
PepsiCo,Russkiy Dar
PepsiCo,Sabra
PepsiCo,Sabritas
PepsiCo,Sakata
PepsiCo,Saladitas
PepsiCo,Sandora
PepsiCo,Santitas
PepsiCo,Santitas Tortille Chips
PepsiCo,Seattle's Best Coffee
PepsiCo,Shani
PepsiCo,Side Dishes
PepsiCo,Simba
PepsiCo,Smartfood
PepsiCo,Smartfood Popcorn
PepsiCo,Smartfood PopcornClusters
PepsiCo,Smith's
PepsiCo,Snack a Jacks
PepsiCo,Snacks
PepsiCo,SoBe
PepsiCo,SoBe Lifewater
PepsiCo,SoBe V Water
PepsiCo,Sodastream
PepsiCo,Sonric’s
PepsiCo,Spitz Seeds
PepsiCo,Sports Nutrition
PepsiCo,Stacy's Pita
PepsiCo,Stacy’s
PepsiCo,Star
PepsiCo,Starbucks DoubleShot
PepsiCo,Starbucks Frappucino
PepsiCo,Starbucks Iced Coffee
PepsiCo,Starbucks Refreshers
PepsiCo,Starry
PepsiCo,Starry Zero Sugar
PepsiCo,Stiksy
PepsiCo,Sting
PepsiCo,SunChips
PepsiCo,Tasali Snack Foods
PepsiCo,Tesco
PepsiCo,Tonus
PepsiCo,Tostito's
PepsiCo,Tostitos
PepsiCo,Trop
PepsiCo,Tropicana
PepsiCo,Twisties
PepsiCo,Vesely Molochnik
PepsiCo,Walkers
PepsiCo,Ya
PepsiCo,Yedigün
Procter & Gamble,9 Elements cleaning
Procter & Gamble,Acestain removerliquid
Procter & Gamble,Align probiotics
Procter & Gamble,Always
Procter & Gamble,Ambi Pur
Procter & Gamble,Ariel
Procter & Gamble,Ascend hair care
Procter & Gamble,Aussie
Procter & Gamble,Bold
Procter & Gamble,Bonux laundry
Procter & Gamble,Bounce
Procter & Gamble,Bounty
Procter & Gamble,Braun
Procter & Gamble,Cascade
Procter & Gamble,Charmin
Procter & Gamble,Cheer
Procter & Gamble,Crest
Procter & Gamble,Dawn
Procter & Gamble,Daz
Procter & Gamble,Dreft
Procter & Gamble,Era laundry
Procter & Gamble,Fairy
Procter & Gamble,Febreze
Procter & Gamble,Fixodent denture adhesive
Procter & Gamble,Flash
Procter & Gamble,Frederic Fekkai
Procter & Gamble,Fresco bar
Procter & Gamble,Gain
Procter & Gamble,Gain laundry
Procter & Gamble,Gala
Procter & Gamble,Gillette
Procter & Gamble,Head & Shoulders
Procter & Gamble,Herbal Essences
Procter & Gamble,Iliac
Procter & Gamble,Ivory
Procter & Gamble,Jar dishwashing liquid and dishwasher
Procter & Gamble,Joy
Procter & Gamble,Lenor
Procter & Gamble,Lenor fabric softener
Procter & Gamble,Luvs
Procter & Gamble,Merck Group
Procter & Gamble,Metamucil
Procter & Gamble,Microban cleaning
Procter & Gamble,Miellehair care
Procter & Gamble,Mif
Procter & Gamble,Mr. Clean
Procter & Gamble,Native deodorants
Procter & Gamble,New Chapter
Procter & Gamble,Nicky Clarke
Procter & Gamble,Ola laundry
Procter & Gamble,Olay
Procter & Gamble,Old Spice
Procter & Gamble,Oral-B
Procter & Gamble,PMC laundry
Procter & Gamble,Pampers
Procter & Gamble,Pampers & Pampers Kandoo
Procter & Gamble,Pantene
Procter & Gamble,Pepto-Bismol
Procter & Gamble,Prilosec OTC
Procter & Gamble,Puffs tissues
Procter & Gamble,Rolaids
Procter & Gamble,SK-II
Procter & Gamble,Scope
Procter & Gamble,Secret
Procter & Gamble,Seven Seas
Procter & Gamble,Swiffer
Procter & Gamble,Tampax
Procter & Gamble,Tide
Procter & Gamble,Vicks
Procter & Gamble,Vidal Sassoon
Procter & Gamble,Whisper menstrual hygiene
Procter & Gamble,antibacterial
Unilever,AHC
Unilever,Ala
Unilever,All
Unilever,Amino
Unilever,Amora
Unilever,Andrelon
Unilever,Aromat
Unilever,Aviance
Unilever,Axe
Unilever,Ayush
Unilever,Baba
Unilever,Baby Dove
Unilever,Badedas
Unilever,Badin
Unilever,Bagel Bagel
Unilever,Bailan
Unilever,Beseda
Unilever,Best Foods
Unilever,Biotex
Unilever,Block & Glow
Unilever,Blueair
Unilever,Boost
Unilever,Bovril
Unilever,Brilhante
Unilever,Brisk
Unilever,Brooke Bond
Unilever,Bru
Unilever,Brut
Unilever,Brylcreem
Unilever,Buavita
Unilever,Calvé
Unilever,Camay
Unilever,Chirat
Unilever,Cif
Unilever,Citra
Unilever,Clear
Unilever,Clinic
Unilever,Clinic Deodorant
Unilever,Close-Up
Unilever,Coccolino
Unilever,Colman's
Unilever,Comfort
Unilever,Conimex
Unilever,Continental
Unilever,Coral / Korall
Unilever,Cream Silk
Unilever,Dawn
Unilever,Deja
Unilever,Dermalogica
Unilever,Dero
Unilever,Dimension
Unilever,Domestos
Unilever,Dove
Unilever,Dove Men+Care
Unilever,Dove Nutritive Solutions
Unilever,Dove Spa
Unilever,Dr. Kaufmann
Unilever,Dusch Das
Unilever,Eskinol
Unilever,FDS
Unilever,Fanacoa
Unilever,Fissan
Unilever,Fluocaril
Unilever,Fruco
Unilever,Gessy
Unilever,Glenmark
Unilever,Globus
Unilever,Glow & Lovely
Unilever,Good Morning
Unilever,Graze
Unilever,Hazeline
Unilever,Hellmann's
Unilever,Hijab Fresh
Unilever,Horlicks
Unilever,Hourglass Cosmetics
Unilever,Indulekha Shampoo and oil
Unilever,Jawara
Unilever,Jif
Unilever,K18
Unilever,Kate Somerville Skincare
Unilever,Kecap Bango
Unilever,Kefli
Unilever,Kissan
Unilever,Klik
Unilever,Knorr
Unilever,Korea Glow
Unilever,Kuner
Unilever,Kystee
Unilever,Lady's Choice
Unilever,Lakmé cosmetics
Unilever,Lao Cai
Unilever,Lever 2000
Unilever,Lifebuoy
Unilever,Linic
Unilever,Lipton
Unilever,Liril
Unilever,Living Proof
Unilever,Love Beauty & Planet
Unilever,Lux
Unilever,Lysoform
Unilever,Maille
Unilever,Maizena
Unilever,Marmite
Unilever,Master
Unilever,Matey
Unilever,Melé
Unilever,Mentadent
Unilever,Minerva
Unilever,Mist
Unilever,Molto
Unilever,Mãe Terra
Unilever,Nameera
Unilever,Neutral
Unilever,Noxzema
Unilever,Nubian Herritage
Unilever,Nyakio
Unilever,Omo
Unilever,Organics
Unilever,Patit
Unilever,Paula's Choice
Unilever,Pears Transparent
Unilever,Pepsodent
Unilever,Persil
Unilever,Pfanni
Unilever,Pinuk
Unilever,Pond's
Unilever,Pond's Men
Unilever,Pot Noodle
Unilever,Pot Rice
Unilever,Prodent
Unilever,Pure Line
Unilever,Quix
Unilever,Radox
Unilever,Regenerate
Unilever,Rexona
Unilever,Rin
Unilever,Rinso
Unilever,Robertson's
Unilever,Robijn
Unilever,Royco
Unilever,SR
Unilever,Saga
Unilever,Sahaja
Unilever,Salsa Lizano
Unilever,SariWangi
Unilever,Sariwangi
Unilever,Schmidt's Naturals
Unilever,Sealtest
Unilever,Seventh Generation
Unilever,Shea Moisture
Unilever,Signal
Unilever,Simple
Unilever,Sir Kensington's
Unilever,Skip
Unilever,Slotts
Unilever,Snuggle
Unilever,St Ives
Unilever,Suave
Unilever,Sun
Unilever,Super Pell
Unilever,Surf
Unilever,Surf Excel
Unilever,T2 Ice tea
Unilever,TRESemmé
Unilever,Tatcha
Unilever,Telma
Unilever,Thermasilk
Unilever,Tholl
Unilever,Toni & Guy
Unilever,Tortex
Unilever,Turun sinappi
Unilever,Unilever Food Solutions
Unilever,Unox
Unilever,VO5
Unilever,Vaseline
Unilever,Via
Unilever,Vibrance
Unilever,Vim
Unilever,Vinólia
Unilever,Viso
Unilever,Vitakeratin
Unilever,Vixal
Unilever,Wheel
Unilever,White Beauty
Unilever,Wild
Unilever,Williams
Unilever,Wipol
Unilever,Xedex
Unilever,Zendium
Unilever,Zhonghua
Unilever,Zwitsal
Coca-Cola Company,Abbey Well
Coca-Cola Company,Ades
Coca-Cola Company,Alhambra
Coca-Cola Company,Ambasa
Coca-Cola Company,American
Coca-Cola Company,Ameyal
Coca-Cola Company,Amita
Coca-Cola Company,Andina Calcio
Coca-Cola Company,Andina Frut/Andifrut
Coca-Cola Company,Andina Nectar
Coca-Cola Company,AndinaHi C
Coca-Cola Company,Apollinaris
Coca-Cola Company,Appletiser
Coca-Cola Company,Aqua Shot
Coca-Cola Company,Aquactive
Coca-Cola Company,Aquana
Coca-Cola Company,Aquapure
Coca-Cola Company,Aquarius
Coca-Cola Company,Aquarius Spring
Coca-Cola Company,Aqvaris
Coca-Cola Company,Arwa
Coca-Cola Company,Avra
Coca-Cola Company,Ayataka green tea
Coca-Cola Company,Aybal-Kin
Coca-Cola Company,BPM Energy
Coca-Cola Company,BacardiMixers
Coca-Cola Company,Bankia
Coca-Cola Company,Barbados
Coca-Cola Company,Barq's
Coca-Cola Company,Barq's Floatz
Coca-Cola Company,Barq's Red Crème Soda
Coca-Cola Company,Beat
Coca-Cola Company,Belté
Coca-Cola Company,Benedictino
Coca-Cola Company,Beverly
Coca-Cola Company,Bibo
Coca-Cola Company,Big Crush
Coca-Cola Company,Big Tai
Coca-Cola Company,Bimbo
Coca-Cola Company,Bimbo Break
Coca-Cola Company,Bird's Nest
Coca-Cola Company,Bistra
Coca-Cola Company,Bistrone
Coca-Cola Company,Bjäre
Coca-Cola Company,Black Cherry Vanilla Coca-Cola
Coca-Cola Company,BlackFire
Coca-Cola Company,Blue Sky
Coca-Cola Company,Boco
Coca-Cola Company,Bodyarmor SuperDrink
Coca-Cola Company,Bom Bit Maesil
Coca-Cola Company,BonAqua BonActive
Coca-Cola Company,Bonaqua/BonAqua/Bonaqa
Coca-Cola Company,BotaniQ
Coca-Cola Company,Brazzi
Coca-Cola Company,Bright And Early
Coca-Cola Company,Brisa
Coca-Cola Company,Burn
Coca-Cola Company,Cafe Zu
Coca-Cola Company,Caffeine Free Barq's
Coca-Cola Company,Caffeine Free Coca-Cola
Coca-Cola Company,Caffeine Free Diet Coke/Coca-Cola light
Coca-Cola Company,Caffeine Free New Coke
Coca-Cola Company,Cal King
Coca-Cola Company,Calypso
Coca-Cola Company,Canning's
Coca-Cola Company,Cappy
Coca-Cola Company,Capri-Sun
Coca-Cola Company,Caprice
Coca-Cola Company,Carioca
Coca-Cola Company,Carver's
Coca-Cola Company,Cascal
Coca-Cola Company,Cepita del valle
Coca-Cola Company,Chaho
Coca-Cola Company,Charrua
Coca-Cola Company,Chaudfontaine
Coca-Cola Company,Chaywa
Coca-Cola Company,Cheers
Coca-Cola Company,Cherry Coke
Coca-Cola Company,Chinotto
Coca-Cola Company,Chinotto light
Coca-Cola Company,Chippewa
Coca-Cola Company,Chivalry
Coca-Cola Company,Ciel
Coca-Cola Company,Ciel+
Coca-Cola Company,Citra
Coca-Cola Company,Club
Coca-Cola Company,Coca-Cola
Coca-Cola Company,Coca-Cola Black Cherry Vanilla
Coca-Cola Company,Coca-Cola BlāK
Coca-Cola Company,Coca-Cola California Raspberry
Coca-Cola Company,Coca-Cola Citra
Coca-Cola Company,Coca-Cola Clear
Coca-Cola Company,Coca-Cola EnergyEnergy Drink
Coca-Cola Company,Coca-Cola Georgia Peach
Coca-Cola Company,Coca-Cola Life
Coca-Cola Company,Coca-Cola Light
Coca-Cola Company,Coca-Cola Move
Coca-Cola Company,Coca-Cola Orange
Coca-Cola Company,Coca-Cola Orange Vanilla
Coca-Cola Company,Coca-Cola Oreo zero sugar
Coca-Cola Company,Coca-Cola Raspberry
Coca-Cola Company,Coca-Cola Starlight
Coca-Cola Company,Coca-Cola Stevia
Coca-Cola Company,Coca-Cola Stevia No Sugar
Coca-Cola Company,Coca-Cola Zero Sugar
Coca-Cola Company,Coca-Cola with Lemon
Coca-Cola Company,Coca-Cola with Lime
Coca-Cola Company,Cocoteen
Coca-Cola Company,Costa Coffee
Coca-Cola Company,Cresta
Coca-Cola Company,Cristal
Coca-Cola Company,Crystal- bottled water in Mauritius
Coca-Cola Company,Cumberland Gap
Coca-Cola Company,DANNON
Coca-Cola Company,DESCA
Coca-Cola Company,Daft Cola
Coca-Cola Company,Daizu no Susume
Coca-Cola Company,Dasani
Coca-Cola Company,Dasani Active
Coca-Cola Company,Dasani Balance
Coca-Cola Company,Dasani Flavors
Coca-Cola Company,Dasani Nutriwater
Coca-Cola Company,Dasani Plus
Coca-Cola Company,Dasani Sensations
Coca-Cola Company,Deep River Rock
Coca-Cola Company,Del Valle
Coca-Cola Company,Diet A&W
Coca-Cola Company,Diet Andina Frut/Andina Frutlight
Coca-Cola Company,Diet Andina Nectar/Andina Nectarlight
Coca-Cola Company,Diet Barq's
Coca-Cola Company,Diet Cherry Coke
Coca-Cola Company,Diet Coke Black Cherry Vanilla
Coca-Cola Company,Diet Coke Citra/Coca-Cola light Citra
Coca-Cola Company,Diet Coke Plus
Coca-Cola Company,Diet Coke Sweetened with Splenda
Coca-Cola Company,Diet Coke with Lemon/Coca-Cola light with Lemon
Coca-Cola Company,Diet Coke with Lime/Coca-Cola light with Lime
Coca-Cola Company,Diet Coke with Raspberry
Coca-Cola Company,Diet Coke/Coke Light
Coca-Cola Company,Diet Crush
Coca-Cola Company,Diet Dr. Pepper
Coca-Cola Company,Diet Fanta/Fanta light/Fanta Zero/Fanta Free
Coca-Cola Company,Diet Freskyta
Coca-Cola Company,Diet Inca Kola
Coca-Cola Company,Diet Kia Ora
Coca-Cola Company,Diet Krest
Coca-Cola Company,Diet Lift/Lift light
Coca-Cola Company,Diet Lilt/Lilt Zero
Coca-Cola Company,Diet Master Pour
Coca-Cola Company,Diet Mello Yello
Coca-Cola Company,Diet Nestea/Nestea light/Nestea Sin Azúcar
Coca-Cola Company,Diet Oasis
Coca-Cola Company,Diet Quatro/Quatro light
Coca-Cola Company,Diet Sarsi
Coca-Cola Company,Diet Schweppes
Coca-Cola Company,Diet Seagrams
Coca-Cola Company,Diet Sport
Coca-Cola Company,Diet Sprite/Sprite light
Coca-Cola Company,Diet Squirt
Coca-Cola Company,Diet Tai/Tai light
Coca-Cola Company,Diet Vanilla Coke
Coca-Cola Company,Diva
Coca-Cola Company,Dobry
Coca-Cola Company,Dorna
Coca-Cola Company,Doğazen
Coca-Cola Company,Dr. Pepper
Coca-Cola Company,Drim
Coca-Cola Company,Dunkin' Donuts
Coca-Cola Company,Dunkin' Donuts Shot In The Dark
Coca-Cola Company,Earth & Sky
Coca-Cola Company,Eight O'Clock
Coca-Cola Company,Eight O'Clock Funchum
Coca-Cola Company,El Rayek
Coca-Cola Company,Emotion
Coca-Cola Company,Enviga
Coca-Cola Company,Escuis
Coca-Cola Company,Escuis light
Coca-Cola Company,Eva Water
Coca-Cola Company,External links
Coca-Cola Company,Fairlife
Coca-Cola Company,Fanta
Coca-Cola Company,Fanta J-Lemon
Coca-Cola Company,Fanta J-Melon
Coca-Cola Company,Fanta Lactic
Coca-Cola Company,Fanta Shokata
Coca-Cola Company,Far Coast
Coca-Cola Company,Fernandes
Coca-Cola Company,Finley
Coca-Cola Company,Fioravanti
Coca-Cola Company,Five Alive
Coca-Cola Company,Fizz
Coca-Cola Company,Flavor Rage
Coca-Cola Company,Floatz
Coca-Cola Company,Fontana
Coca-Cola Company,Fraser & Neave
Coca-Cola Company,Freezits
Coca-Cola Company,Fresca
Coca-Cola Company,Fresca 1
Coca-Cola Company,Frescolita
Coca-Cola Company,Freskyta
Coca-Cola Company,Fresquinha
Coca-Cola Company,Fress
Coca-Cola Company,Frestea
Coca-Cola Company,Fria
Coca-Cola Company,Frisco
Coca-Cola Company,Frucci
Coca-Cola Company,Frugos
Coca-Cola Company,Frugos Fresh
Coca-Cola Company,Fruita
Coca-Cola Company,Fruitia
Coca-Cola Company,Fruitlabo
Coca-Cola Company,Fruitopia
Coca-Cola Company,Fruitopia Freeze
Coca-Cola Company,Fruitopia Tea
Coca-Cola Company,Fruktime
Coca-Cola Company,Frutina
Coca-Cola Company,Frutonic
Coca-Cola Company,Full Throttle
Coca-Cola Company,Full Throttle Blue Demon
Coca-Cola Company,Full Throttle Coffee
Coca-Cola Company,Full Throttle Sugar Free
Coca-Cola Company,Fuze Beverage
Coca-Cola Company,Fuzetea
Coca-Cola Company,Genki No Moto
Coca-Cola Company,Georgia
Coca-Cola Company,Georgia Cafe au Lait
Coca-Cola Company,Georgia Club
Coca-Cola Company,Georgia Gold
Coca-Cola Company,Gini
Coca-Cola Company,Glacéau
Coca-Cola Company,Glacéau Fruitwater
Coca-Cola Company,Glacéau Vitaminenergy
Coca-Cola Company,Glacéau Vitaminwater
Coca-Cola Company,Glacéau Vitaminwater zero
Coca-Cola Company,Gladiator
Coca-Cola Company,Godiva Belgian Blends
Coca-Cola Company,Gold Peak Tea
Coca-Cola Company,Gold Spot
Coca-Cola Company,Golden Crush
Coca-Cola Company,Goulburn Valley
Coca-Cola Company,Grapette
Coca-Cola Company,Groovy
Coca-Cola Company,Guaraná Jesus
Coca-Cola Company,Guaraná Kuat Zero
Coca-Cola Company,Guaraná Kuat light
Coca-Cola Company,H2OK
Coca-Cola Company,Hajime
Coca-Cola Company,Hansen's
Coca-Cola Company,Happy Valley
Coca-Cola Company,Haru Green Tea
Coca-Cola Company,Haru no Mint Shukan
Coca-Cola Company,Hawai
Coca-Cola Company,Healthworks
Coca-Cola Company,Hero
Coca-Cola Company,Hi Spot
Coca-Cola Company,Hi-C
Coca-Cola Company,Hi-C Tea
Coca-Cola Company,Hires
Coca-Cola Company,Hit
Coca-Cola Company,Honest Tea
Coca-Cola Company,Horizon
Coca-Cola Company,Hot Point
Coca-Cola Company,Huang
Coca-Cola Company,Hubert's
Coca-Cola Company,Ice Dew
Coca-Cola Company,Ice mountain
Coca-Cola Company,Ikon
Coca-Cola Company,Inca Kola
Coca-Cola Company,Innocent Drinks
Coca-Cola Company,Ipsei
Coca-Cola Company,Iron Brew
Coca-Cola Company,Izvorul Alb
Coca-Cola Company,Jaz Cola
Coca-Cola Company,Jericho
Coca-Cola Company,Jet Tonic
Coca-Cola Company,Jinmeile
Coca-Cola Company,Jolly Juice
Coca-Cola Company,Joy
Coca-Cola Company,Joya
Coca-Cola Company,Jozuni Yasai
Coca-Cola Company,Jurassic Well
Coca-Cola Company,Just Juice
Coca-Cola Company,Juta
Coca-Cola Company,KMX
Coca-Cola Company,Kapo Axion
Coca-Cola Company,Kapo Super Power
Coca-Cola Company,Keri
Coca-Cola Company,Keringet Mineral water
Coca-Cola Company,Kevin Harris
Coca-Cola Company,Kia-Ora
Coca-Cola Company,Kidsfruitz
Coca-Cola Company,Kilimanjaro
Coca-Cola Company,Kin
Coca-Cola Company,Kin Cider
Coca-Cola Company,Kin Light
Coca-Cola Company,Kinley
Coca-Cola Company,KisT
Coca-Cola Company,Kiwi Blue
Coca-Cola Company,Kochakaden
Coca-Cola Company,Kola Inglesa
Coca-Cola Company,Koumi Soukai
Coca-Cola Company,Krest
Coca-Cola Company,Kristal Water
Coca-Cola Company,Kropla Beskidu
Coca-Cola Company,Kuat
Coca-Cola Company,Kuat Light
Coca-Cola Company,Kuli
Coca-Cola Company,Kyun
Coca-Cola Company,Leed
Coca-Cola Company,Lemon & Paeroa
Coca-Cola Company,Lift
Coca-Cola Company,Lift Plus light
Coca-Cola Company,Lift plus
Coca-Cola Company,Lilia
Coca-Cola Company,Lilt
Coca-Cola Company,Limca
Coca-Cola Company,Limelite
Coca-Cola Company,Limonade
Coca-Cola Company,Linnuse
Coca-Cola Company,Lion
Coca-Cola Company,Love Body
Coca-Cola Company,Maaza
Coca-Cola Company,Mad River
Coca-Cola Company,Magnolia
Coca-Cola Company,Magnolia Funch
Coca-Cola Company,Magnolia Zip
Coca-Cola Company,Malvern Water
Coca-Cola Company,Manantial
Coca-Cola Company,Manzana Lift
Coca-Cola Company,Manzana Mia
Coca-Cola Company,Mare Rosso
Coca-Cola Company,Marocha Chaba no Ko
Coca-Cola Company,Master Chill
Coca-Cola Company,Master Pour
Coca-Cola Company,Matusov Pramen
Coca-Cola Company,Mazoe
Coca-Cola Company,Meijin
Coca-Cola Company,Mello
Coca-Cola Company,Mello Yello
Coca-Cola Company,Mello Yello Zero
Coca-Cola Company,Mer
Coca-Cola Company,Mezzo Mix
Coca-Cola Company,Miami
Coca-Cola Company,Mickey & Friends
Coca-Cola Company,Mickey Mouse
Coca-Cola Company,Mickey's Adventures
Coca-Cola Company,Migoro-Nomigoro
Coca-Cola Company,Minaqua
Coca-Cola Company,Minute Maid
Coca-Cola Company,Minute Maid Active
Coca-Cola Company,Minute Maid AntiOx
Coca-Cola Company,Minute Maid Clásicos
Coca-Cola Company,Minute Maid Coolers
Coca-Cola Company,Minute Maid Deli
Coca-Cola Company,Minute Maid Duofrutas
Coca-Cola Company,Minute Maid Fresh
Coca-Cola Company,Minute Maid Fruit Plus
Coca-Cola Company,Minute Maid Heart Wise
Coca-Cola Company,Minute Maid Hi-C
Coca-Cola Company,Minute Maid Juice Box
Coca-Cola Company,Minute Maid Juice To Go
Coca-Cola Company,Minute Maid Just 10
Coca-Cola Company,Minute Maid Lemonades and Fruit Drinks
Coca-Cola Company,Minute Maid Light
Coca-Cola Company,Minute Maid Limón&Nada
Coca-Cola Company,Minute Maid Mais
Coca-Cola Company,Minute Maid Multi-Vitamin
Coca-Cola Company,Minute Maid Nutri+
Coca-Cola Company,Minute Maid Premium
Coca-Cola Company,Minute Maid Premium Lemonades and Punches
Coca-Cola Company,Minute Maid Premium Orange Juice and Premium Blends
Coca-Cola Company,Minute Maid Pulpy Orange
Coca-Cola Company,Minute Maid Selección
Coca-Cola Company,Minute Maid Soft Drink
Coca-Cola Company,Minute Maid SojaPlus
Coca-Cola Company,Minute Maid Splash
Coca-Cola Company,Mireille
Coca-Cola Company,Mone
Coca-Cola Company,Monsoon
Coca-Cola Company,Montefiore
Coca-Cola Company,Mori No Mizudayori
Coca-Cola Company,Morning Deli
Coca-Cola Company,Mother
Coca-Cola Company,Mount Franklin
Coca-Cola Company,Mountain Creed
Coca-Cola Company,Mountain Creed Zero Sugar
Coca-Cola Company,Moxie
Coca-Cola Company,Moya semya
Coca-Cola Company,Mr Pibb
Coca-Cola Company,Multiva
Coca-Cola Company,Multivita
Coca-Cola Company,N-Juice
Coca-Cola Company,NOS
Coca-Cola Company,Nada
Coca-Cola Company,Nagomi
Coca-Cola Company,Nalu
Coca-Cola Company,Namthip
Coca-Cola Company,Nanairo Acha
Coca-Cola Company,Nativa
Coca-Cola Company,Naturaqua
Coca-Cola Company,Nature's Own
Coca-Cola Company,NeXstep
Coca-Cola Company,Nectar Andina
Coca-Cola Company,Nectarin
Coca-Cola Company,Neptūnas
Coca-Cola Company,Nevada
Coca-Cola Company,Neverfail
Coca-Cola Company,New Coke
Coca-Cola Company,Next
Coca-Cola Company,Nico's Brassness
Coca-Cola Company,Nordic Mist
Coca-Cola Company,Nusta
Coca-Cola Company,Nutri Boost
Coca-Cola Company,OK Soda
Coca-Cola Company,OOHA
Coca-Cola Company,Oasis
Coca-Cola Company,Odwalla
Coca-Cola Company,Old Colony
Coca-Cola Company,Olimpija
Coca-Cola Company,Oreo Coke
Coca-Cola Company,Paani
Coca-Cola Company,Pacific Orchard
Coca-Cola Company,Pampa
Coca-Cola Company,Pams
Coca-Cola Company,Pearona
Coca-Cola Company,Peats Ridge Springs
Coca-Cola Company,Pepe Rico
Coca-Cola Company,Pibb Xtra
Coca-Cola Company,Pibb Zero
Coca-Cola Company,Piko
Coca-Cola Company,Pilskalna
Coca-Cola Company,Planet Java
Coca-Cola Company,Play
Coca-Cola Company,Pocarrot
Coca-Cola Company,Pocket Dr
Coca-Cola Company,Poiana Negri
Coca-Cola Company,Poms
Coca-Cola Company,Ponkana
Coca-Cola Company,Pop Cola
Coca-Cola Company,Portello
Coca-Cola Company,Powerade
Coca-Cola Company,Powerade Option
Coca-Cola Company,Powerade Zero
Coca-Cola Company,Powerade alive
Coca-Cola Company,Powerade light
Coca-Cola Company,Powerplay
Coca-Cola Company,Pulp Ananas
Coca-Cola Company,Pump
Coca-Cola Company,Qoo
Coca-Cola Company,Quatro
Coca-Cola Company,Quwat Jabal
Coca-Cola Company,Ramblin' Root Beer
Coca-Cola Company,Rani juice
Coca-Cola Company,Raspberry Coke
Coca-Cola Company,Ready to Brew
Coca-Cola Company,Real
Coca-Cola Company,Real Gold
Coca-Cola Company,Red Flash
Coca-Cola Company,Red Lion
Coca-Cola Company,Refresh Tea
Coca-Cola Company,Relentless
Coca-Cola Company,Rich
Coca-Cola Company,Richy
Coca-Cola Company,RimZim
Coca-Cola Company,Rio Gold
Coca-Cola Company,Ripe N Ready
Coca-Cola Company,Risco
Coca-Cola Company,Riwa
Coca-Cola Company,Robinson Brothers
Coca-Cola Company,Rosa
Coca-Cola Company,Rosalta
Coca-Cola Company,Roses
Coca-Cola Company,Royal Club Shandy
Coca-Cola Company,Royal Tru
Coca-Cola Company,Royal Tru light
Coca-Cola Company,Römerquelle
Coca-Cola Company,Safia
Coca-Cola Company,Samantha
Coca-Cola Company,Samurai
Coca-Cola Company,San Luis
Coca-Cola Company,San Sao
Coca-Cola Company,Santiba
Coca-Cola Company,Santolin
Coca-Cola Company,Sarsi
Coca-Cola Company,Saryusaisai
Coca-Cola Company,SchiBe Balls
Coca-Cola Company,Schweppes
Coca-Cola Company,Scorpion
Coca-Cola Company,Seagram's
Coca-Cola Company,Seasons
Coca-Cola Company,Seltz
Coca-Cola Company,Sensation
Coca-Cola Company,Sensun
Coca-Cola Company,Senzao
Coca-Cola Company,Shichifukuzen
Coca-Cola Company,Shizen Plus
Coca-Cola Company,Shock
Coca-Cola Company,Signature
Coca-Cola Company,Sim
Coca-Cola Company,Simba
Coca-Cola Company,Simply Apple
Coca-Cola Company,Simply Lemonade
Coca-Cola Company,Simply Limeade
Coca-Cola Company,Simply Orange
Coca-Cola Company,Simply Pop- Juicy soda drink
Coca-Cola Company,Sintonia
Coca-Cola Company,Sky Cola
Coca-Cola Company,Slap
Coca-Cola Company,Smart
Coca-Cola Company,Smart Water
Coca-Cola Company,Sobo
Coca-Cola Company,Sodafruit Caprice Oranges
Coca-Cola Company,Sokenbicha
Coca-Cola Company,Sonfil
Coca-Cola Company,Soonsoo 100
Coca-Cola Company,Southern Sun
Coca-Cola Company,Sparkle
Coca-Cola Company,Sparkling Yogurt
Coca-Cola Company,Sparletta
Coca-Cola Company,Splash
Coca-Cola Company,Splice
Coca-Cola Company,Sport Cola
Coca-Cola Company,Sport Plus
Coca-Cola Company,Spring! by Dannon
Coca-Cola Company,Spring! by Dannon Fluoride to Go
Coca-Cola Company,Sprite
Coca-Cola Company,Sprite 3G
Coca-Cola Company,Sprite Cranberry
Coca-Cola Company,Sprite Ice
Coca-Cola Company,Sprite Light
Coca-Cola Company,Sprite Remix
Coca-Cola Company,Sprite Zero
Coca-Cola Company,Spur
Coca-Cola Company,Squirt
Coca-Cola Company,Sri Lanka
Coca-Cola Company,Stoney Ginger Beer
Coca-Cola Company,Sugar Free Full Throttle
Coca-Cola Company,Sun Valley
Coca-Cola Company,Sunfill
Coca-Cola Company,Sunfilled & Fruit Tree
Coca-Cola Company,Supa
Coca-Cola Company,Superkools
Coca-Cola Company,Supper Cola
Coca-Cola Company,Svali
Coca-Cola Company,Sweecha
Coca-Cola Company,Swerve
Coca-Cola Company,TADAS
Coca-Cola Company,Tab Energy
Coca-Cola Company,Tab x-tra
Coca-Cola Company,Tahitian Treat
Coca-Cola Company,Tai
Coca-Cola Company,Tanora
Coca-Cola Company,Tarumi
Coca-Cola Company,Tavern
Coca-Cola Company,Tea World Collection
Coca-Cola Company,Tepelene
Coca-Cola Company,The Kearnels Homebrew
Coca-Cola Company,The Spirit of Georgia
Coca-Cola Company,The Tea for Dining
Coca-Cola Company,The Wellness
Coca-Cola Company,Thextons
Coca-Cola Company,This Water
Coca-Cola Company,Thums Up
Coca-Cola Company,Thunder
Coca-Cola Company,Tian Tey
Coca-Cola Company,Tian Yu Di/Heaven and Earth
Coca-Cola Company,Tiky
Coca-Cola Company,Top
Coca-Cola Company,Top's
Coca-Cola Company,Topo Chico
Coca-Cola Company,Toppur
Coca-Cola Company,Tropical
Coca-Cola Company,Tropico
Coca-Cola Company,Trópí
Coca-Cola Company,Tuborg Squash
Coca-Cola Company,Turkuaz
Coca-Cola Company,Twist
Coca-Cola Company,Ultra Energy
Coca-Cola Company,Urge
Coca-Cola Company,Urun
Coca-Cola Company,Valle
Coca-Cola Company,Valpre
Coca-Cola Company,Valser
Coca-Cola Company,Vanilla Coke
Coca-Cola Company,VegitaBeta
Coca-Cola Company,ViO
Coca-Cola Company,Vica
Coca-Cola Company,Victoria
Coca-Cola Company,Vita
Coca-Cola Company,Vital
Coca-Cola Company,Vital O
Coca-Cola Company,Vitamin Water
Coca-Cola Company,Vitingo
Coca-Cola Company,Viva/Viva!
Coca-Cola Company,Vlasinska Rosa
Coca-Cola Company,Water Salad
Coca-Cola Company,Wilkins
Coca-Cola Company,Wink
Coca-Cola Company,Winnie the Pooh Junior Juice
Coca-Cola Company,Yang Guang
Coca-Cola Company,Yang Guang Juicy T
Coca-Cola Company,Yoli
Coca-Cola Company,Youki
Coca-Cola Company,Yumi
Coca-Cola Company,aquaBona
Coca-Cola Company,aquasavana
Coca-Cola Company,carbonated water
Coca-Cola Company,glacéau smartwater
Coca-Cola Company,peace tea
Coca-Cola Company,"“Kruzhka i Bochka"" kvass"
Nike,NO_DATA
Tyson Foods,Amy's Kitchen
Tyson Foods,Aunt Bessie's
Tyson Foods,Bagel Bites
Tyson Foods,Banquet Foods
Tyson Foods,Bellisio Foods
Tyson Foods,Birds Eye
Tyson Foods,Bubba Foods
Tyson Foods,California Pizza Kitchen
Tyson Foods,Celeste
Tyson Foods,DiGiorno
Tyson Foods,Dr. Oetker
Tyson Foods,Dr. Praeger's
Tyson Foods,Earthbound Farm
Tyson Foods,Eggo
Tyson Foods,El Charrito
Tyson Foods,Elbtal
Tyson Foods,Ellio's Pizza
Tyson Foods,FRoSTA
Tyson Foods,FarmRich
Tyson Foods,Felix
Tyson Foods,Fiestada
Tyson Foods,Findus
Tyson Foods,Freezer Queen
Tyson Foods,Freschetta
Tyson Foods,Frikom
Tyson Foods,Fry Group Foods
Tyson Foods,Gorton's of Gloucester
Tyson Foods,Grandiosa
Tyson Foods,Green Giant
Tyson Foods,Groupe Doux
Tyson Foods,Healthy Choice
Tyson Foods,Hilcona
Tyson Foods,Hortex
Tyson Foods,Hot Pockets
Tyson Foods,Hungry-Man
Tyson Foods,Iglo
Tyson Foods,Kangaroo
Tyson Foods,Kart's
Tyson Foods,Kid Cuisine
Tyson Foods,Kidfresh
Tyson Foods,King of Pops
Tyson Foods,Lean Cuisine
Tyson Foods,Lender's Bagels
Tyson Foods,M&M Meat Shops
Tyson Foods,Marie Callender's
Tyson Foods,Maxaroni
Tyson Foods,McCain Foods
Tyson Foods,Morton Frozen Foods
Tyson Foods,Mrs. Smith's
Tyson Foods,Ore-Ida
Tyson Foods,Palermo's Pizza
Tyson Foods,Pepperidge Farm
Tyson Foods,Perdue Farms
Tyson Foods,Pizza Pops
Tyson Foods,Ramly Group
Tyson Foods,Red Baron
Tyson Foods,Richelieu Foods
Tyson Foods,Ross Group
Tyson Foods,Steak-umm
Tyson Foods,Stouffer's
Tyson Foods,SuperFresh
Tyson Foods,Swanson
Tyson Foods,Tee Yih Jia
Tyson Foods,Tombstone
Tyson Foods,Totino's
Tyson Foods,Tyson Foods
Tyson Foods,Uno Chicago Grill
