Brand,Product
3 Musketeers,3 Musketeers Mint
365,365 Everyday Value
365,365 Organic
365,365 by Whole Foods Market
5,5 Cobalt
7UP,7UP Cherry
7UP,7UP Free
7UP,7UP Zero Sugar
7UP,Diet 7UP
8th Continent,8th Continent Soymilk
9Lives,9Lives Daily Essentials
9Lives,9Lives Plus Care
A&W,A&W Cream Soda
A&W,A&W Root Beer
A&W,A&W Zero Sugar
A.1.,A.1. Steak Sauce
AHA,AHA Lime Watermelon
AHA,AHA Sparkling Water
AMP,AMP Energy
AMP,AMP Energy Drink
Abercrombie & Fitch,Abercrombie Kids
AdeS,AdeS Soy
Aerie,Aerie Real
Aerie,Offline by Aerie
Aero,Aero Mint
Aidells,Aidells Chicken & Apple Sausage
Aidells,Aidells Sausage
Airheads,Airheads Xtremes
Ajax,Ajax Dish Liquid
Ajax,Ajax Powder Cleanser
Albertsons,Lucerne
Albertsons,O Organics
Albertsons,Open Nature
Albertsons,Signature Farms
Albertsons,Signature Select
Albertsons,Waterfront Bistro
Align,Align Probiotic
All,All Laundry Detergent
All-Bran,All-Bran Buds
Almond Breeze,Almond Breeze Almondmilk
Almond Joy,Almond Joy Pieces
Alpen,Alpen Original
Alpha-Bits,Alpha-Bits Original
Altoids,Altoids Smalls
Altoids Smalls,Altoids Mints
Always,Always Dailies
Always,Always Discreet
Always,Always Infinity
Always,Always Pure
Always,Always Radiant
Always,Always Ultra Thin
American Eagle,AE
Amstel,Amstel Light
Amy's,Amy's Burrito
Amy's,Amy's Frozen Meals
Amy's,Amy's Organic
Amy's,Amy's Pizza
Amy's,Amy's Soups
Annie's Homegrown,Annie's Mac & Cheese
Apple Jacks,Apple Jacks Caramel
Applegate,Applegate Farms
Applegate,Applegate Naturals
Applegate Farms,Applegate Organic
Aquafina,Aquafina Alive
Aquafina,Aquafina FlavorSplash
Aquafina,Aquafina Purified Water
Aquarius,Aquarius Zero
Ariel,Ariel PODS
Ariel PODS,Ariel Liquid
Ariel PODS,Ariel Powder
Arizona,Arizona Green Tea
Arizona,Arizona Iced Tea
Arm & Hammer,Arm & Hammer Baking Soda
Arm & Hammer,Arm & Hammer Cat Litter
Arm & Hammer,Arm & Hammer Deodorant
Arm & Hammer,Arm & Hammer Laundry Detergent
Arm & Hammer,Arm & Hammer Toothpaste
Ascenda,Ascenda Kid
Aspirin,Bayer Aspirin
Athleta,Athleta Girl
Aussie,Aussie 3 Minute Miracle
Aussie,Aussie Instant Freeze
Axe,Axe Body Spray
Axe,Axe Body Wash
Axe,Axe Deodorant
Axion,Axion Dish Paste
Ayataka,Ayataka Green Tea
Bacardi,Bacardi Black
Bacardi,Bacardi Coconut
Bacardi,Bacardi Gold
Bacardi,Bacardi Limón
Bacardi,Bacardi Raspberry
Bacardi,Bacardi Spiced
Bacardi,Bacardi Superior
Bai,Bai Antioxidant
Bai,Bai Bubbles
Baileys,Baileys Irish Cream
Baker's,Baker's Bourbon
Ball Park,Ball Park Buns
Ball Park,Ball Park Flame Grilled Jerky
Ball Park,Ball Park Franks
Ballast Point,Ballast Point Grapefruit Sculpin
Ballast Point,Ballast Point Sculpin IPA
Banana Republic,Banana Republic Factory
Bang,Bang Energy
Barq's,Barq's Red Creme Soda
Barq's,Barq's Root Beer
Barrilitos,Barrilitos Fruit Punch
Basil Hayden's,Basil Hayden's Bourbon
Bath & Body Works,Bath & Body Works 3-Wick Candles
Bath & Body Works,Bath & Body Works Antibacterial Hand Gel
Bath & Body Works,Bath & Body Works Body Cream
Bath & Body Works,Bath & Body Works Body Lotion
Bath & Body Works,Bath & Body Works Body Spray
Bath & Body Works,Bath & Body Works Car Fragrance
Bath & Body Works,Bath & Body Works Fine Fragrance Mist
Bath & Body Works,Bath & Body Works Hand Soap
Bath & Body Works,Bath & Body Works Men's
Bath & Body Works,Bath & Body Works Pocket Bac
Bath & Body Works,Bath & Body Works Room Spray
Bath & Body Works,Bath & Body Works Shower Gel
Bath & Body Works,Bath & Body Works Signature Collection
Bath & Body Works,Bath & Body Works Single Wick Candles
Bath & Body Works,Bath & Body Works Wallflowers
Bath & Body Works,White Barn
Bath & Body Works,White Barn Candles
Batiste,Batiste Dry Shampoo
Bear Naked,Bear Naked Granola
Beggin',Beggin' Strips
Ben & Jerry's,Ben & Jerry's Cherry Garcia
Ben & Jerry's,Ben & Jerry's Chocolate Fudge Brownie
Ben & Jerry's,Ben & Jerry's Chunky Monkey
Ben & Jerry's,Ben & Jerry's Half Baked
Ben & Jerry's,Ben & Jerry's Phish Food
Ben's Original,Ben's Original Long Grain
Ben's Original,Ben's Original Ready Rice
Bertolli,Bertolli Olive Oil
Bertolli,Bertolli Pasta Sauce
Best Foods,Best Foods Mayo
Betty Crocker,Betty Crocker Brownies
Betty Crocker,Betty Crocker Cake Mix
Betty Crocker,Betty Crocker Cookie Mix
Betty Crocker,Betty Crocker Frosting
Betty Crocker,Betty Crocker Mashed Potatoes
Betty Crocker,Betty Crocker Suddenly Pasta Salad
Beyond Meat,Beyond Beef
Beyond Meat,Beyond Breakfast Sausage
Beyond Meat,Beyond Burger
Beyond Meat,Beyond Chicken
Beyond Meat,Beyond Meatballs
Beyond Meat,Beyond Sausage
Big Red,Big Red Zero
Black Label,Black Label Bacon
Blue,Blue Buffalo
Blue Buffalo,Blue Buffalo Basics
Blue Buffalo,Blue Buffalo Freedom
Blue Buffalo,Blue Buffalo Life Protection Formula
Blue Buffalo,Blue Buffalo Natural Veterinary Diet
Blue Buffalo,Blue Buffalo True Solutions
Blue Buffalo,Blue Wilderness
Blue Riband,Blue Bottle Coffee
Bob Evans,Bob Evans Mac & Cheese
Bob Evans,Bob Evans Mashed Potatoes
Bob Evans,Bob Evans Sausage
BodyArmor,BodyArmor Edge
BodyArmor,BodyArmor Flash IV
BodyArmor,BodyArmor Lyte
BodyArmor,BodyArmor Sports Drink
Bold,Bold 2in1
Bombay Sapphire,Bombay Sapphire Gin
Bombay Sapphire,Bombay Sapphire Sunset
Bonakid,Bonakid Pre-School 3+
Booker's,Booker's Bourbon
Boost,Boost Glucose Control
Boost,Boost Plus
Bounce,Bounce Pet Hair & Lint Guard
Bounce,Bounce Rapid Touch-Up
Bounty,Bounty Dark
Bounty,Bounty Essentials
Bounty,Bounty Quick-Size
Braun,Braun Series
Breyers,Breyers CarbSmart
Breyers,Breyers Chocolate
Breyers,Breyers Natural Vanilla
Brisk,Brisk Iced Tea
Brita,Brita Bottles
Brita,Brita Filters
Brita,Brita Pitchers
Brooke Bond,Brooke Bond Red Label
Brookside,Brookside Dark Chocolate
Brut,Brut Aftershave
Budweiser,Bud Ice
Budweiser,Bud Light
Bugles,Bugles Nacho Cheese
Buitoni,Buitoni Pasta
Burt's Bees,Burt's Bees Baby
Burt's Bees,Burt's Bees Hand Salve
Burt's Bees,Burt's Bees Lip Balm
Burt's Bees,Burt's Bees Makeup
Burt's Bees,Burt's Bees Skin Care
Cadbury,Cadbury Caramello
Cadbury,Cadbury Creme Egg
Cadbury,Cadbury Crunchie
Cadbury,Cadbury Dairy Milk
Cadbury,Cadbury Eclairs
Cadbury,Cadbury Eggs
Cadbury,Cadbury Flake
Cadbury,Cadbury Fruit & Nut
Cadbury,Cadbury Mini Eggs
Cadbury,Cadbury Royal Dark
Cadbury,Cadbury Twirl
Cadbury,Cadbury Wispa
Café Bustelo,Café Bustelo Espresso
Café H,Café H Microwaveable Meals
Campbell's,Campbell's Chicken Noodle
Campbell's,Campbell's Chunky
Campbell's,Campbell's Condensed Soup
Campbell's,Campbell's Cream of Mushroom
Campbell's,Campbell's Homestyle
Campbell's,Campbell's Slow Kettle
Campbell's,Campbell's Tomato Soup
Campbell's,Campbell's Well Yes!
Canada Dry,Canada Dry Club Soda
Canada Dry,Canada Dry Ginger Ale
Canada Dry,Canada Dry Tonic Water
Canadian Club,Canadian Club Whisky
Cap'n Crunch,Cap'n Crunch Berries
Cap'n Crunch,Cap'n Crunch Original
Cape Cod,Cape Cod Chips
Capri Sun,Capri Sun Organic
Caress,Caress Body Wash
Carnation,Carnation Instant Breakfast
Carnation Instant Breakfast,Carnation Evaporated Milk
Casa Noble,Casa Noble Tequila
Cascade,Cascade Complete
Cascade,Cascade Platinum
Celsius,Celsius BCAA
Celsius,Celsius Essentials
Celsius,Celsius Heat
Celsius,Celsius Live Fit
Celsius,Celsius On-The-Go
Cesar,Cesar Gourmet
Cesar,Cesar Home Delights
Chambord,Chambord Liqueur
Charmin,Charmin Essentials
Charmin,Charmin Ultra Soft
Charmin,Charmin Ultra Strong
Cheerios,Apple Cinnamon Cheerios
Cheerios,Cheerios Oat Crunch
Cheerios,Frosted Cheerios
Cheerios,Honey Nut Cheerios
Cheerios,Multi-Grain Cheerios
Cheetos,Cheetos Crunchy
Cheetos,Cheetos Flamin' Hot
Cheetos,Cheetos Paws
Cheetos,Cheetos Puffs
Cheez-It,Cheez-It Duoz
Cheez-It,Cheez-It Grooves
Cheez-It,Cheez-It Original
Cheez-It,Cheez-It Snap'd
Cheez-It,Cheez-It White Cheddar
Chester's,Chester's Fries
Chex,Chex Mix
Chex,Chex Mix Bold
Chex,Chex Mix Muddy Buddies
Chex,Chex Mix Traditional
Chex,Chocolate Chex
Chex,Corn Chex
Chex,Rice Chex
Chex,Wheat Chex
Chi-Chi's,Chi-Chi's Salsa
Chips Ahoy!,Chips Ahoy! Chewy
Chips Ahoy!,Chips Ahoy! Chunky
Chobani,Chobani Coffee
Chobani,Chobani Complete
Chobani,Chobani Drink
Chobani,Chobani Flip
Chobani,Chobani Greek Yogurt
Chobani,Chobani Oat
Chobani,Chobani Zero Sugar
Cholula,Cholula Chipotle
Cholula,Cholula Green Pepper
Cholula,Cholula Original
Ciel,Ciel Purified Water
Cif,Cif Cream Cleanser
Cinnamon Toast Crunch,Cinnamon Toast Crunch Churros
Clairol,Clairol Nice'n Easy
Clamato,Clamato Caesar
Clamato,Clamato Tomato Cocktail
Classico,Classico Marinara
Clear,Clear Men
Clear Men,Clear Shampoo
Clif,Clif Bar
Clif,Clif Bloks
Clif,Clif Builders
Clif,Clif Kid
Clif,Clif Nut Butter Bar
Clif,Clif Organic Energy Food
Clif,Clif Shot
Clif,Luna Bar
Clorox,Clorox 2
Clorox,Clorox Bleach
Clorox,Clorox Disinfecting Wipes
Clorox,Clorox Free & Clear
Clorox,Clorox Scentiva
Clorox,Clorox Splash-Less
Clorox,Clorox ToiletWand
Clos du Bois,Clos du Bois Chardonnay
Close-up,Close-up Toothpaste
Club,Club Crackers
Club House,Club House Spices
Coca-Cola,Cherry Coke
Coca-Cola,Cherry Coke Zero
Coca-Cola,Coca-Cola Cinnamon
Coca-Cola,Coca-Cola Energy
Coca-Cola,Coca-Cola Life
Coca-Cola,Coca-Cola Orange Vanilla
Coca-Cola,Coca-Cola Zero Sugar
Coca-Cola,Coca-Cola with Coffee
Coca-Cola,Coke
Coca-Cola,Coke Zero
Coca-Cola,Diet Coke
Coca-Cola,Vanilla Coke
Coca-Cola,Vanilla Coke Zero
Colgate,Colgate Advanced Whitening
Colgate,Colgate Cavity Protection
Colgate,Colgate Enamel Health
Colgate,Colgate Kids
Colgate,Colgate Max Fresh
Colgate,Colgate Optic White
Colgate,Colgate Sensitive
Colgate,Colgate Total
Colgate,Colgate-Palmolive
Colman's,Colman's Mustard
Columbus,Columbus Craft Meats
Columbus,Columbus Salame
Comfort,Comfort Fabric Softener
Compleat,Compleat Pediatric
Converse,Chuck Taylor All Star
Converse,Converse One Star
Coors,Coors Banquet
Coors,Coors Light
Core,Core Hydration
Core Hydration,Core Organic
Core Power,Core Power High Protein
Corn Flakes,Corn Flakes Honey Nut
Corn Flakes,Nestlé Corn Flakes
Cornetto,Cornetto Classic
Corona,Corona Extra
Corona,Corona Familiar
Corona,Corona Light
Corona,Corona Premier
Corona,Corona Refresca
Costa Express,Costa Coffee
Country Crock,Country Crock Spread
Country Time,Country Time Lemonade
Courvoisier,Courvoisier Cognac
Cracker Barrel,Cracker Barrel Cheese
Crest,Crest 3D White
Crest,Crest Gum Detoxify
Crest,Crest Pro-Health
Crest,Crest Sensi-Relief
Crisco,Crisco Shortening
Crisco Shortening,Crisco Vegetable Oil
Crush,Crush Orange
Crystal Light,Crystal Light Pure
Cure 81,Cure 81 Ham
Dannon,Dannon Activia
Dannon,Dannon Light & Fit
Dannon,Dannon Oikos
Dannon,Dannon Two Good
Dannon,Dannon YoCrunch
Dasani,Dasani Purified Water
Dasani,Dasani Sparkling
Dawn,Dawn Platinum
Dawn,Dawn Powerwash
Dawn,Dawn Ultra
DayQuil,DayQuil Severe
Degree,Degree Deodorant
Del Valle,Del Valle Juices
Dentyne,Dentyne Ice
Dermalogica,Dermalogica Skin Care
Dewar's,Dewar's 12 Year
Dewar's,Dewar's White Label
Di Lusso,Di Lusso Deli
DiGiorno,DiGiorno Rising Crust
DiGiorno,DiGiorno Stuffed Crust
Dinty Moore,Dinty Moore Beef Stew
Dog Chow,Dog Chow Little Bites
Dolmio,Dolmio Lasagne
Domestos,Domestos Bleach
Doritos,Doritos 3D
Doritos,Doritos Cool Ranch
Doritos,Doritos Dinamita
Doritos,Doritos Flamin' Hot
Doritos,Doritos Jacked
Doritos,Doritos Nacho Cheese
Dove,Dove Body Wash
Dove,Dove Deodorant
Dove,Dove Hair Care
Dove,Dove Men+Care
Dove,Dove Promises
Dove Men+Care,Dove Bar Soap
Dove Promises,Dove Chocolate Bar
Dove Promises,Dove Ice Cream
Downy,Downy Free & Gentle
Downy,Downy Infusions
Downy,Downy Light
Downy,Downy Unstopables
Downy,Downy WrinkleGuard
Dr Pepper,Diet Dr Pepper
Dr Pepper,Dr Pepper & Cream Soda
Dr Pepper,Dr Pepper Cherry
Dr Pepper,Dr Pepper Cream Soda
Dr Pepper,Dr Pepper TEN
Dr Pepper,Dr Pepper Zero Sugar
Dreft,Dreft Platinum
Dreft,Dreft Stage 1
Dreft,Dreft Stage 2
Dunkin',Dunkin' Donuts Coffee
Dunkin',Dunkin' Original Blend
Duracell,Duracell Optimum
Duracell,Duracell Plus
Eclipse,Eclipse Polar Ice
Eggo,Eggo French Toast
Eggo,Eggo Pancakes
Eggo,Eggo Thick & Fluffy
Eggo,Eggo Waffles
El Jimador,El Jimador Tequila
Emerald Cashews,Emerald Nuts
Eristoff,Eristoff Vodka
Eukanuba,Eukanuba Breed Specific
Extra,Extra Peppermint
Extra,Extra Polar Ice
Extra,Extra Spearmint
FLAWLESS,FLAWLESS Hair Remover
Fabuloso,Fabuloso All-Purpose Cleaner
Fage,Fage BestSelf
Fage,Fage Crossovers
Fage,Fage Total
Fage,Fage TruBlend
Fairlife,Core Power
Fairlife,Core Power High Protein
Fairlife,Fairlife Ultra-Filtered Milk
Fairlife,fairlife CorePower
Fairy,Fairy Non Bio
Fairy,Fairy Platinum
Fancy Feast,Fancy Feast Appetizers
Fancy Feast,Fancy Feast Broths
Fancy Feast,Fancy Feast Creamy Delights
Fancy Feast,Fancy Feast Duos
Fancy Feast,Fancy Feast Flaked
Fancy Feast,Fancy Feast Gravy Lovers
Fancy Feast,Fancy Feast Medleys
Fancy Feast,Purely Fancy Feast
Fanta,Fanta Berry
Fanta,Fanta Fruit Punch
Fanta,Fanta Grape
Fanta,Fanta Orange
Fanta,Fanta Pineapple
Fanta,Fanta Strawberry
Fanta,Fanta Zero
Febreze,Febreze Air
Febreze,Febreze Car
Febreze,Febreze Fabric
Febreze,Febreze Plug
Febreze,Febreze Small Spaces
Febreze,Febreze Wax Melts
Felix,Felix As Good As It Looks
Felix As Good As It Looks,Felix Party Mix
Fiber One,Fiber One Bars
Fiber One,Fiber One Brownies
Fiber One,Fiber One Honey Clusters
Finlandia,Finlandia Vodka
First Response,First Response Pregnancy Tests
Fixodent,Fixodent Plus
Flora,Flora ProActiv
Folgers,Folgers 1850
Folgers,Folgers Black Silk
Folgers,Folgers Classic Roast
Folgers,Folgers Simply Smooth
Formula 409,Formula 409 All-Purpose
Frank's RedHot,Frank's RedHot Buffalo
Frank's RedHot,Frank's RedHot Original
Frank's RedHot,Frank's RedHot Xtra Hot
Free People,Free People Movement
French's,French's Crispy Fried Onions
French's,French's Mustard
French's,French's Worcestershire
Fresca,Fresca Original
Friskies,Friskies Lil' Grillers
Friskies,Friskies Party Mix
Friskies,Friskies Pull 'n Play
Friskies,Friskies Shreds
Frito-Lay,Burger Rings
Frito-Lay,Cheetos
Frito-Lay,Chester's
Frito-Lay,Doritos
Frito-Lay,Fritos
Frito-Lay,Funyuns
Frito-Lay,Lay's
Frito-Lay,Monster Munch
Frito-Lay,Munchos
Frito-Lay,Nobby's
Frito-Lay,Quavers
Frito-Lay,Rold Gold
Frito-Lay,Ruffles
Frito-Lay,Sabritas
Frito-Lay,Santitas
Frito-Lay,Sensations
Frito-Lay,Smartfood
Frito-Lay,Smith's
Frito-Lay,Stax
Frito-Lay,SunChips
Frito-Lay,Thins
Frito-Lay,Tostitos
Frito-Lay,Twisties
Frito-Lay,Wotsits
Fritos,Fritos Chili Cheese
Fritos,Fritos Original
Fritos,Fritos Scoops
Froot Loops,Froot Loops Marshmallow
Frosted Flakes,Frosted Flakes Chocolate
Frosted Mini-Wheats,Frosted Mini-Wheats Blueberry
Frosted Mini-Wheats,Frosted Mini-Wheats Strawberry
Fry's,Fry's Turkish Delight
Fudge Stripes,Keebler Fudge Stripes
Funky Buddha,Funky Buddha Floridian
Funyuns,Funyuns Onion Flavored
G2,G2 Low Calorie
Gain,Gain Aroma Boost
Gain,Gain Botanicals
Gain,Gain Fireworks
Gain,Gain Flings
Gain,Gain Liquid
Galaxy,Galaxy Caramel
Galaxy Caramel,Galaxy Smooth Milk
Gamesa,Gamesa Cookies
Gap,Gap Kids
Gap,GapBody
Gap,GapFit
Gap,babyGap
Garden of Life,Garden Gourmet
Gatorade,Gatorade Fierce
Gatorade,Gatorade Frost
Gatorade,Gatorade Thirst Quencher
Gatorade,Gatorade Zero
Gerber,Gerber Good Start
Gerber,Gerber Graduates
Gerber,Gerber Organic
Gerber,Gerber Water
Ghirardelli,Ghirardelli Chocolate Chips
Ghirardelli,Ghirardelli Squares
Gillette,Gillette Fusion
Gillette,Gillette Intimate
Gillette,Gillette Labs
Gillette,Gillette Mach3
Gillette,Gillette ProGlide
Gillette,Gillette SkinGuard
Gillette,Gillette Venus
Glacéau,Glacéau Fruitwater
Glad,Glad ClingWrap
Glad,Glad Food Storage Bags
Glad,Glad ForceFlex
Glad,Glad FreshWorks Produce Saver
Glad,Glad Press'n Seal
Glad,Glad Tall Kitchen Bags
Glide,Glide Comfort Plus
Go-GURT,Go-GURT Dunkers
Gold Medal,Gold Medal Flour
Gold Peak,Gold Peak Sweet Tea
Gold Peak,Gold Peak Tea
Gold Peak,Gold Peak Unsweetened
Golden Crisp,Golden Crisp Cereal
Golden Morn,Golden Nuggets
Goldfish,Goldfish Colors
Goldfish,Goldfish Crackers
Goldfish,Goldfish Flavor Blasted
Goldfish,Goldfish Grahams
Good Humor,Good Humor Strawberry Shortcake
Gourmet Garden,Gourmet Garden Herbs
Grape-Nuts,Grape-Nuts Flakes
Gravy Train,Gravy Train Beef Flavor
Great Grains,Great Grains Crunchy Pecans
Green & Black's,Green & Black's Organic
Green Mountain,Green Mountain Breakfast Blend
Green Mountain,Green Mountain Coffee
Greenies,Greenies Dental Chews
Grey Goose,Grey Goose Essences
Grey Goose,Grey Goose La Poire
Grey Goose,Grey Goose Vodka
Guinness,Guinness Draught
Guinness,Guinness Foreign Extra
Haku,Haku Vodka
Halls,Halls Breezers
Halls,Halls Relief
Halls Relief,Halls Cough Drops
Haribo,Haribo Gold-Bears
Haribo,Haribo Twin Snakes
Harp,Harp Lager
Hawaiian Punch,Hawaiian Punch Fruit Juicy Red
Hawaiian Punch,Hawaiian Punch Green Berry Rush
Head & Shoulders,Head & Shoulders Clinical Solutions
Head & Shoulders,Head & Shoulders Supreme
Heineken,Heineken 0.0
Heinz,Heinz 57
Heinz,Heinz BBQ Sauce
Heinz,Heinz Ketchup
Heinz,Heinz Tomato Ketchup
Hellmann's,Hellmann's Mayonnaise
Hellmann's,Hellmann's Real
Hellmann's,Hellmann's Real Mayonnaise
Hello,Hello Toothpaste
Herbal Essences,Herbal Essences bio:renew
Herdez,Herdez Salsa
Herradura,Herradura Silver
Herradura Silver,Herradura Tequila
Hershey's,Hershey's Cocoa
Hershey's,Hershey's Drops
Hershey's,Hershey's Kisses
Hershey's,Hershey's Kisses Almonds
Hershey's,Hershey's Kisses Special Dark
Hershey's,Hershey's Milk Chocolate
Hershey's,Hershey's Nuggets
Hershey's,Hershey's Special Dark
Hershey's,Hershey's Syrup
Hibiki,Hibiki Japanese Harmony
Hidden Valley,Hidden Valley Greek Yogurt Ranch
Hidden Valley,Hidden Valley Ranch
High West,High West Double Rye
High West,High West Whiskey
Hill's Ideal Balance,Hill's Prescription Diet
Hillshire Farm,Hillshire Farm Deli Meat
Hillshire Farm,Hillshire Farm Lit'l Smokies
Hillshire Farm,Hillshire Farm Smoked Sausage
Hollister,Hollister Co.
Honest,Honest Diapers
Honest Tea,Honest Kids
Honest Tea,Honest Tea Organic
Honey Bunches of Oats,Honey Bunches of Oats with Almonds
Honey Maid,Honey Maid Graham Crackers
Honeycomb,Honeycomb Big
Hormel,Hormel Chili
Hormel,Hormel Compleats
Hormel,Hormel Pepperoni
Hormel,Hormel Rev
Hornitos,Hornitos Plata
Hornitos Plata,Hornitos Tequila
Huggies,Huggies Little Movers
Huggies,Huggies Little Snugglers
Huggies,Huggies Pull-Ups
Häagen-Dazs,Häagen-Dazs Ice Cream Bars
Iams,Iams Perfect Portions
Iams,Iams Proactive Health
Ice Breakers,Ice Breakers Duo
Ice Breakers,Ice Breakers Gum
Ice Breakers,Ice Breakers Mints
Impossible Foods,Impossible Burger
Impossible Foods,Impossible Chicken Nuggets
Impossible Foods,Impossible Pork
Impossible Foods,Impossible Sausage
Impulse,Impulse Body Spray
Inca Kola,Inca Kola Golden
Innocent,Innocent Smoothies
Irish Spring,Irish Spring Bar Soap
Irish Spring,Irish Spring Body Wash
Ivory,Ivory Snow
Ivory Snow,Ivory Original
Izze,Izze Sparkling Juice
Jack Daniel's,Jack Daniel's Gentleman Jack
Jack Daniel's,Jack Daniel's Single Barrel
Jack Daniel's,Jack Daniel's Tennessee Fire
Jack Daniel's,Jack Daniel's Tennessee Honey
Jack Daniel's,Jack Daniel's Tennessee Whiskey
Jell-O,Jell-O Pudding
Jennie-O,Jennie-O Ground Turkey
Jennie-O,Jennie-O Turkey
Jennie-O,Jennie-O Turkey Bacon
Jif,Jif Creamy
Jif,Jif Crunchy
Jif,Jif Extra Crunchy
Jif,Jif Lemon
Jif,Jif Natural
Jif,Jif To Go
Jim Beam,Jim Beam Apple
Jim Beam,Jim Beam Black
Jim Beam,Jim Beam Bourbon
Jim Beam,Jim Beam Honey
Jimmy Dean,Jimmy Dean Breakfast Sandwiches
Jimmy Dean,Jimmy Dean Pancakes & Sausage
Jimmy Dean,Jimmy Dean Sausage
Johnson's,Johnson's Baby
Joint Juice,Joint Juice Plus
Jolly Rancher,Jolly Rancher Gummies
Jolly Rancher,Jolly Rancher Hard Candy
Jolly Rancher,Jolly Rancher Lollipops
Juicy Fruit,Juicy Fruit Original
Justin's,Justin's Almond Butter
Justin's,Justin's Nut Butter
Justin's,Justin's Peanut Butter Cups
KC Masterpiece,KC Masterpiece BBQ Sauce
KIND,KIND Bars
KIND,KIND Breakfast
KIND,KIND Frozen
KIND,KIND Healthy Grains
Kaboom,Kaboom Foam-Tastic
Kashi,Kashi Go
Kashi,Kashi Honey Toasted
KeVita,KeVita Kombucha
Keebler,Keebler Elfin
Keebler,Keebler Simply Made
Kenzo,Kenzo Parfums
Kettle Brand,Kettle Brand Potato Chips
Keurig,K-Cup
Kibbles 'n Bits,Kibbles 'n Bits Original
Kim Crawford,Kim Crawford Sauvignon Blanc
Kingsford,Kingsford Charcoal
Kingsford,Kingsford Match Light
Kingsford,Match Light
Kirin Tanrei,Kirin Free
Kirin Tanrei,Kirin Lager
Kirkland,Kirkland Organic
Kirkland,Kirkland Signature
Kit Kat,Kit Kat Big Kat
Kit Kat,Kit Kat Chunky
Kit Kat,Kit Kat Dark
Kit Kat,Kit Kat Duo
Kit Kat,Kit Kat Duos Mint
Kix,Berry Berry Kix
Kleenex,Kleenex Cottonelle
Kleenex,Kleenex Viva
Klondike,Klondike Bar
Knob Creek,Knob Creek Bourbon
Knob Creek,Knob Creek Rye
Knob Creek,Knob Creek Single Barrel
Knorr,Knorr Stock Cubes
Knorr Stock Cubes,Knorr Pasta Sides
Knorr Stock Cubes,Knorr Rice Sides
Knorr Stock Cubes,Knorr Soup
Kool-Aid,Kool-Aid Bursts
Kool-Aid,Kool-Aid Jammers
Korbel,Korbel Champagne
Kotex,U by Kotex
Kraft,Kraft Dinner
Kraft,Kraft Handi-Snacks
Kraft,Kraft Mac & Cheese
Kraft,Kraft Macaroni & Cheese
Kraft,Kraft Mayo
Kraft,Kraft Salad Dressing
Kraft,Kraft Singles
Krave,Krave Chocolate
Kroger,Kroger Brand
Kroger,Private Selection
Kroger,Simple Truth
Kroger,Simple Truth Organic
L'il Critters,L'il Critters Gummy Vitamins
LU,LU Petit Écolier
La Victoria,La Victoria Salsa
LaCroix,LaCroix Cúrate
LaCroix,LaCroix NiCola
LaCroix,LaCroix Sparkling Water
Lady Speed Stick,Lady Speed Stick Invisible Dry
Lance,Lance Crackers
Lance,Lance Sandwich Crackers
Laphroaig,Laphroaig Scotch
Late July,Late July Organic Snacks
Lawry's,Lawry's Casero
Lawry's,Lawry's Marinades
Lawry's,Lawry's Seasoned Salt
Lawry's Casero,Lawry's Seasoned Salt
Lay's,Baked Lay's
Lay's,Lay's Baked
Lay's,Lay's Classic
Lay's,Lay's Kettle Cooked
Lay's,Lay's Lightly Salted
Lay's,Lay's Poppables
Lay's,Lay's Stax
Lay's,Lay's Wavy
Lay's,Wavy Lay's
Legent,Legent Bourbon
Life,Life Cereal
Life,Life Original
Lifebuoy,Lifebuoy Antibacterial Soap
Lifesavers,Lifesavers Gummies
Lift,Lift Lemon
Limca,Limca Lemon
Lindt,Lindt Excellence
Lindt,Lindt Lindor
Lindt,Lindt Swiss Classic
Lion,Lion Bar
Lion,Lion Cereal
Lipton,Lipton Iced Tea
Lipton,Lipton Tea
Lipton,Lipton Yellow Label
Liquid Death,Liquid Death Iced Tea
Liquid Death,Liquid Death Mountain Water
Liquid Death,Liquid Death Sparkling Water
Liquid-Plumr,Liquid-Plumr Urgent Clear
Living Proof,Living Proof Hair Care
Lloyd's,Lloyd's Barbeque
Lucky Charms,Lucky Charms Frosted Flakes
Lunchables,Lunchables Uploaded
Luvs,Luvs Ultra Leakguards
Lux,Lux Soap
Lysol,Lysol Disinfecting Wipes
Lysol,Lysol Spray
M&M's,M&M's Almond
M&M's,M&M's Caramel
M&M's,M&M's Crispy
M&M's,M&M's Dark Chocolate
M&M's,M&M's Peanut
M&M's,M&M's Peanut Butter
M&M's,M&M's Pretzel
Maaza,Maaza Mango
Mach3,Mach3 Turbo
Maggi,Maggi Cubes
Maggi Cubes,Maggi 2-Minute Noodles
Maggi Cubes,Maggi Sauce
Magnum,Magnum Almond
Magnum,Magnum Classic
Magnum,Magnum Double
Magnum,Magnum White
Maker's Mark,Maker's 46
Maker's Mark,Maker's Mark Bourbon
Malt-O-Meal,Malt-O-Meal Frosted Flakes
Maltesers,Maltesers Teasers
Marc Jacobs,Marc Jacobs Fragrance
Mars,Mars Almond
Martini,Martini & Rossi
Mary Kitchen,Mary Kitchen Corned Beef Hash
Maxwell House,Maxwell House Master Blend
McCormick,McCormick Grill Mates
McCormick,McCormick Perfect Pinch
McCormick,McCormick Pure Vanilla Extract
McCormick Grill Mates,McCormick Black Pepper
McCormick Grill Mates,McCormick Garlic Powder
McCormick Grill Mates,McCormick Spices
Meiomi,Meiomi Pinot Noir
Mello Yello,Mello Yello Zero
Meow Mix,Meow Mix Original Choice
Meow Mix,Meow Mix Simple Servings
Meow Mix,Meow Mix Tender Centers
Metamucil,Metamucil 4-in-1
Method,Method Air Care
Method,Method Cleaning
Method,Method Dish Soap
Method,Method Hand Soap
Method,Method Laundry
Mi CAMPO,Mi CAMPO Tequila
Michael Angelo's,Michael Angelo's Chicken Parmesan
Michael Angelo's,Michael Angelo's Lasagna
Michelob,Michelob Ultra
Milano,Milano Cookies
Milano,Milano Double Dark Chocolate
Milk-Bone,Milk-Bone MaroSnacks
Milk-Bone,Milk-Bone Original
Milk-Bone,Milk-Bone Soft & Chewy
Milka,Milka Caramel
Milka,Milka Oreo
Milky Way,Milky Way Midnight
Milky Way,Milky Way Simply Caramel
Miller,Miller Genuine Draft
Miller,Miller High Life
Miller,Miller Lite
Milo,Milo Cereals
Minute Maid,Minute Maid Lemonade
Minute Maid,Minute Maid Orange Juice
Minute Maid,Minute Maid Pulpy
Mio,Mio Energy
Modelo,Modelo Chelada
Modelo,Modelo Especial
Modelo,Modelo Negra
Modelo,Modelo Oro
Monster Energy,Monster Java
Monster Energy,Monster Juice
Monster Energy,Monster Rehab
Monster Energy,Monster Ultra
Monster Energy,Monster Zero Sugar
Morningstar Farms,Morningstar Farms Chik'n
Morningstar Farms,Morningstar Farms Veggie Burgers
Mott's,Mott's Apple Juice
Mott's,Mott's Applesauce
Mott's,Mott's for Tots
Mounds,Mounds Pieces
Mountain Dew,Diet Mountain Dew
Mountain Dew,Mountain Dew Baja Blast
Mountain Dew,Mountain Dew Code Red
Mountain Dew,Mountain Dew Kickstart
Mountain Dew,Mountain Dew Live Wire
Mountain Dew,Mountain Dew Pitch Black
Mountain Dew,Mountain Dew Voltage
Mountain Dew,Mtn Dew
Mr. Clean,Mr. Clean Magic Eraser
Mr. Clean,Mr. Clean with Febreze
Mrs. Meyer's,Mrs. Meyer's Clean Day
Mrs. Meyer's,Mrs. Meyer's Dish Soap
Mrs. Meyer's,Mrs. Meyer's Hand Soap
Mrs. Meyer's,Mrs. Meyer's Laundry
Mrs. Meyer's,Mrs. Meyer's Multi-Surface Cleaner
Munch,Munch Bunch
Murphy Oil Soap,Murphy Wood Cleaner
NAN,NAN AL 110
NAN,NAN Infinipro HA
NAN,NAN Optipro
NAN,NAN Sensitive
NOS,NOS Energy
Nair,Nair Hair Removal
Naked,Naked Green Machine
Naked,Naked Juice
Native,Native Deodorant
Natural Choice,Natural Choice Deli Meat
Natural Vitality,Natural Vitality CALM
Nature Valley,Nature Valley Crunchy
Nature Valley,Nature Valley Granola Bars
Nature Valley,Nature Valley Protein
Nature's Recipe,Nature's Recipe Grain Free
Near East,Near East Rice Pilaf
Nehi,Nehi Orange
Nerds,Nerds Gummy Clusters
Nescafé,Nescafé Clásico
Nescafé,Nescafé Dolce Gusto
Nescafé,Nescafé Gold
Nescafé,Nescafé Taster's Choice
Nespresso,Nespresso Vertuo
Nesquik,Nesquik Strawberry
Nesquik Strawberry,Nesquik Cereal
Nesquik Strawberry,Nesquik Chocolate
Nestea,Nestea Lemon
Nestea,Nestea Peach
Nestlé,Nestlé Toll House Morsels
Nestlé,Toll House
Nestlé Yes,Nestlé Classic
Nestlé Yes,Nestlé Ice Cream
Nestlé Yes,Nestlé Milk Chocolate
Neutrogena,Neutrogena Hydro Boost
Neutrogena,Neutrogena Oil-Free Acne Wash
Nike,Air Force 1
Nike,Air Jordan
Nike,Air Max
Nike,Jordan
Nilla,Nilla Wafers
Nivea,Nivea Men
Nobby's,Nobby's Nuts
Noosa,Noosa Mates
Noosa,Noosa Yoghurt
Nutren,Nutren Junior
Nutri-Grain,Nutri-Grain Bars
Nutri-Grain,Nutri-Grain Soft Baked
Nutri-Grain Soft Baked,Nutri-Grain Bars
Nutro,Nutro Ultra
Nutro,Nutro Wholesome Essentials
Nutter Butter,Nutter Butter Bites
NyQuil,NyQuil Severe
Oatly,Oatly Barista Edition
Oatly,Oatly Ice Cream
Oatly,Oatly Oat Milk
Oatly,Oatly Yogurt
Ocean Spray,Ocean Spray Cran-Apple
Ocean Spray,Ocean Spray Cran-Grape
Ocean Spray,Ocean Spray Cranberry
Odwalla,Odwalla Smoothies
Olay,Olay Luminous
Olay,Olay ProX
Olay,Olay Regenerist
Olay,Olay Retinol24
Olay,Olay Total Effects
Olay,Regenerist
Old Bay,Old Bay Hot Sauce
Old Bay,Old Bay Seafood Seasoning
Old Bay,Old Bay Seasoning
Old El Paso,Old El Paso Salsa
Old El Paso,Old El Paso Taco Shells
Old Forester,Old Forester 1920
Old Forester,Old Forester Bourbon
Old Forester,Old Forester Statesman
Old Navy,Old Navy Baby
Old Navy,Old Navy Kids
Old Navy,Old Navy Maternity
Old Spice,Old Spice Bearglove
Old Spice,Old Spice Fiji
Old Spice,Old Spice High Endurance
Old Spice,Old Spice Pure Sport
Old Spice,Old Spice Swagger
Omo,Omo Laundry Detergent
Orajel,Orajel Baby
Orajel,Orajel Toothache
Oral-B,Oral-B Genius
Oral-B,Oral-B Pro
Oral-B,Oral-B Vitality
Oral-B,Oral-B iO
Orange Glo,Orange Glo Wood Care
Orbit,Orbit Sweetmint
Orbit,Orbit White
Ore-Ida,Ore-Ida Golden Fries
Ore-Ida,Ore-Ida Tater Tots
Oreo,Oreo Cakesters
Oreo,Oreo Double Stuf
Oreo,Oreo Golden
Oreo,Oreo Mega Stuf
Oreo,Oreo Thins
Oscar Mayer,Oscar Mayer Bacon
Oscar Mayer,Oscar Mayer Bologna
Oscar Mayer,Oscar Mayer Hot Dogs
OxiClean,OxiClean Laundry Detergent
OxiClean,OxiClean MaxForce
OxiClean,OxiClean Versatile Stain Remover
PG Tips,PG Tips Pyramid Bags
PG Tips,PG Tips Tea
PUR,PUR Faucet Filters
Pace,Pace Picante Sauce
Pace,Pace Salsa
Pacific Foods,Pacific Almond Milk
Pacific Foods,Pacific Bone Broth
Pacific Foods,Pacific Oat Milk
Pacific Foods,Pacific Organic Soups
Pacifico,Pacifico Clara
Palmolive,Palmolive Body Wash
Palmolive,Palmolive Dish Liquid
Palmolive,Palmolive Naturals
Pampers,Pampers Aqua Pure
Pampers,Pampers Baby Dry
Pampers,Pampers Cruisers
Pampers,Pampers Easy Ups
Pampers,Pampers Kandoo
Pampers,Pampers Pure
Pampers,Pampers Swaddlers
Pampers,Pampers UnderJams
Pantene,Pantene Gold Series
Pantene,Pantene Nutrient Blends
Pantene,Pantene Pro-V
Pantene,Pantene Sulfate Free
Pasta Roni,Pasta Roni Parmesan
Patrón,Patrón Añejo
Patrón,Patrón Reposado
Patrón,Patrón Silver
Peace Tea,Peace Tea Green Tea
Pearl Milling Company,Pearl Milling Company Pancake Mix
Pearl Milling Company,Pearl Milling Company Syrup
Pebbles,Cocoa Pebbles
Pebbles,Fruity Pebbles
Pebbles,Marshmallow Pebbles
Pedigree,Pedigree Adult
Pedigree,Pedigree Dentastix
Pedigree,Pedigree Puppy
Pedigree,Pedigree Small Dog
Peet's,Peet's Coffee
Peet's,Peet's Major Dickason's Blend
Pepperidge Farm,Pepperidge Farm Breads
Pepperidge Farm,Pepperidge Farm Cookies
Pepperidge Farm,Pepperidge Farm Goldfish
Pepperidge Farm,Pepperidge Farm Rolls
Pepperidge Farm,Pepperidge Farm Stuffing
Pepsi,Crystal Pepsi
Pepsi,Diet Pepsi
Pepsi,Pepsi Lime
Pepsi,Pepsi Max
Pepsi,Pepsi Real Sugar
Pepsi,Pepsi Vanilla
Pepsi,Pepsi Wild Cherry
Pepsi,Pepsi Zero Sugar
Pepsi,Pepsi-Cola
Pepto-Bismol,Pepto-Bismol Ultra
Perfect Bar,Perfect Bar Kids
Perfect Bar,Perfect Bar Original
Persil,Persil Capsules
Persil,Persil Liquid
Philadelphia,Philadelphia Cream Cheese
Philadelphia,Philadelphia Cream Cheese Spread
Philadelphia,Philadelphia Original
Philadelphia,Philadelphia Whipped
Pillsbury,Pillsbury Baking Flour
Pillsbury,Pillsbury Cinnamon Rolls
Pillsbury,Pillsbury Crescent Rolls
Pillsbury,Pillsbury Grands!
Pillsbury,Pillsbury Pie Crust
Pillsbury Grands!,Pillsbury Cookie Dough
Pine-Sol,Pine-Sol Lavender
Pine-Sol,Pine-Sol Original
Planters,Planters Cashews
Planters,Planters Peanuts
Planters Cashews,Planters Mixed Nuts
Polident,Polident 3 Minute
Polo,Polo Mints
Pond's,Pond's Cold Cream
Pop Secret,Pop Secret Popcorn
Pop-Tarts,Pop-Tarts Bites
Pop-Tarts,Pop-Tarts Brown Sugar Cinnamon
Pop-Tarts,Pop-Tarts Crisps
Pop-Tarts,Pop-Tarts Frosted Strawberry
Pop-Tarts,Pop-Tarts S'mores
Popsicle,Popsicle Orange
PowerBar,PowerBar Protein Plus
PowerBar Protein Plus,PowerBar Performance Energy
Powerade,Powerade Mountain Blast
Powerade,Powerade Ultra
Powerade,Powerade Zero
Prego,Prego Alfredo
Prego,Prego Farmers' Market
Prego,Prego Traditional
Premier Protein,Premier Protein Bars
Premier Protein,Premier Protein Shakes
Prilosec,Prilosec OTC
Pringles,Pringles BBQ
Pringles,Pringles Cheddar Cheese
Pringles,Pringles Jalapeño
Pringles,Pringles Original
Pringles,Pringles Pizza
Pringles,Pringles Ranch
Pringles,Pringles Sour Cream & Onion
Progresso,Progresso Rich & Hearty
Progresso,Progresso Traditional
Propel,Propel Fitness Water
Puffs,Puffs Plus
Puffs,Puffs Ultra Soft
Pure Leaf,Pure Leaf Iced Tea
Pure Leaf,Pure Leaf Tea
Purina,Purina ONE
Purina,Purina Pro Plan
Purina,Purina Veterinary Diets
Quaker,Quaker Chewy
Quaker,Quaker Chewy Granola Bars
Quaker,Quaker Grits
Quaker,Quaker Instant Oatmeal
Quaker,Quaker Oatmeal
Quaker,Quaker Oats
Quaker,Quaker Old Fashioned
Quaker,Quaker Overnight Oats
Quaker,Quaker Real Medleys
Quaker,Quaker Rice Cakes
Quest,Quest Bar
Quest,Quest Cookies
Quest,Quest Hero Bar
Quest,Quest Peanut Butter Cups
Quest,Quest Pizza
Quest,Quest Protein Chips
RXBAR,RXBAR Protein Bars
Rachael Ray Nutrish,Rachael Ray Nutrish Zero Grain
Rainbow Light,Rainbow Light Vitamins
Raisin Bran,Raisin Bran Crunch
Rama,Rama Cremefine
Ready Brek,Ready Brek Original
Red Bull,Red Bull Energy Drink
Red Bull,Red Bull Organics
Red Bull,Red Bull Sugarfree
Red Bull,Red Bull Summer Edition
Red Bull,Red Bull Tropical Edition
Red Bull,Red Bull Winter Edition
Red Bull,Red Bull Zero
Reese's,Reese's Big Cup
Reese's,Reese's Fast Break
Reese's,Reese's Miniatures
Reese's,Reese's Outrageous
Reese's,Reese's Peanut Butter Cups
Reese's,Reese's Pieces
Reese's,Reese's Sticks
Reese's,Reese's Thins
Reese's,Reese's White
Reign,Reign Storm
Reign,Reign Total Body Fuel
Rejoice,Rejoice Perfume
RenewLife,RenewLife Ultimate Flora Probiotics
Rexona,Rexona Deodorant
Reynolds,Reynolds Wrap
Rice Krispies,Rice Krispies Treats
Rice Krispies,Rice Krispies Treats Cereal
Rice Krispies,Rice Krispies Treats Original
Rice-A-Roni,Rice-A-Roni Chicken Flavor
Ritz,Ritz Crackers
Ritz,Ritz Crisp & Thins
Ritz,Ritz Toasted Chips
RoadHouse,RoadHouse Waffles
Robert Mondavi,Robert Mondavi Private Selection
Robert Mondavi,Robert Mondavi Winery
Robin Hood,Robin Hood Flour
Rockstar,Rockstar Energy
Rockstar,Rockstar Original
Rockstar,Rockstar Punched
Rockstar,Rockstar Recovery
Roku,Roku Gin
Rold Gold,Rold Gold Pretzels
Rowntree's,Rowntree's Fruit Gums
Rowntree's,Rowntree's Fruit Pastilles
Rowntree's,Rowntree's Jelly Tots
Rowntree's,Rowntree's Randoms
Rowntree's,Rowntree's Tooty Frooties
Royal Canin,Royal Canin Breed Health
Royal Canin,Royal Canin Size Health
Ruffino,Ruffino Chianti
Ruffino,Ruffino Prosecco
Ruffles,Ruffles All Dressed
Ruffles,Ruffles Cheddar & Sour Cream
Ruffles,Ruffles Original
S-26,S-26 Gold
S-26,S-26 Promil
S-26,S-26 Promil Gold
S.O.S,S.O.S Steel Wool Pads
SK-II,SK-II Facial Treatment Essence
Sabritas,Sabritas Adobadas
Safeguard,Safeguard Antibacterial
Sam Adams,Samuel Adams
Sanex,Sanex Shower Gel
Sara Lee,Sara Lee Deli Meat
Sauza,Sauza Tequila
Schweppes,Schweppes Ginger Ale
Schweppes,Schweppes Tonic
Schweppes,Schweppes Tonic Water
Science Diet,Hill's Science Diet
Scope,Scope Outlast
Scotch,Scotch-Brite
Seagram's,Seagram's 7 Crown
Seagram's,Seagram's Ginger Ale
Sebastian,Sebastian Professional
Secret,Secret Clinical Strength
Secret,Secret Fresh
Secret,Secret Outlast
Seeds of Change,Seeds of Change Quinoa & Brown Rice
Seventh Generation,Seventh Generation Diapers
Seventh Generation,Seventh Generation Free & Clear
Sheba,Sheba Perfect Portions
Shredded Wheat,Shredded Wheat Original
Siggi's,Siggi's Filmjölk
Siggi's,Siggi's Icelandic Skyr
Siggi's,Siggi's Plant-Based
Signal,Signal Toothpaste
Silk,Silk Almondmilk
Silk,Silk Cashewmilk
Silk,Silk Oatmilk
Silk,Silk Soymilk
Simple,Simple Facial Cleanser
Simply,Simply Almond
Simply,Simply Cranberry
Simply,Simply Grapefruit
Simply,Simply Lemonade
Simply,Simply Light
Simply,Simply Orange
Simply,Simply Smoothie
Simply Asia,Simply Asia Noodle Bowl
Skechers,BOBS from Skechers
Skechers,Skechers D'Lites
Skechers,Skechers GOwalk
Skechers,Skechers Performance
Skechers,Skechers Sport
Skechers,Skechers Street
Skechers,Skechers USA
Skechers,Skechers Work
Skippy,Skippy Creamy
Skippy,Skippy Natural
Skippy,Skippy Super Chunk
Skittles,Skittles Original
Skittles,Skittles Sour
Skittles,Skittles Tropical
Skittles,Skittles Wild Berry
Slane,Slane Irish Whiskey
Smartfood,Smartfood Popcorn
Smartwater,Smartwater Alkaline
Smartwater,Smartwater Antioxidant
Smith's,Smith's Chips
Smucker's,Smucker's Grape Jelly
Smucker's,Smucker's Natural
Smucker's,Smucker's Preserves
Smucker's,Smucker's Strawberry Jam
Smucker's,Smucker's Sugar Free
Smucker's,Smucker's Uncrustables
Snapple,Snapple Diet
Snapple,Snapple Elements
Snapple,Snapple Lemon Tea
Snapple,Snapple Peach Tea
Snickers,Snickers Almond
Snickers,Snickers Ice Cream
Snickers,Snickers Peanut Brownie
Snuggle,Snuggle Fabric Softener
Snyder's of Hanover,Snyder's Pretzel Pieces
Snyder's of Hanover,Snyder's Pretzel Sticks
Snyder's of Hanover,Snyder's Pretzels
So Delicious,So Delicious Almondmilk
So Delicious,So Delicious Cashewmilk
So Delicious,So Delicious Coconutmilk
So Delicious,So Delicious Dairy Free
So Delicious,So Delicious Oatmilk
SoBe,SoBe Lifewater
Softsoap,Softsoap Body Wash
Softsoap Body Wash,Softsoap Hand Soap
Sour Patch Kids,Sour Patch Kids Watermelon
Spam,Spam Classic
Spam,Spam Hot & Spicy
Spam,Spam Lite
Spam,Spam Teriyaki
Special K,Special K Bars
Special K,Special K Protein
Special K,Special K Protein Meal Bars
Special K,Special K Red Berries
Special K,Special K Vanilla Almond
Speed Stick,Speed Stick Deodorant
Sprite,Sprite Cranberry
Sprite,Sprite Lymonade
Sprite,Sprite Tropical Mix
Sprite,Sprite Zero
Squirt,Squirt Ruby Red
Sriracha,Huy Fong Sriracha
St-Germain,St-Germain Elderflower Liqueur
St. Ives,St. Ives Scrub
Starbucks,Doubleshot
Starbucks,Frappuccino
Starbucks,Starbucks Ready-to-Drink
Starbucks,Starbucks Refreshers
Starburst,Starburst Airs
Starburst,Starburst Duos
Starburst,Starburst FaveREDs
Starburst,Starburst Original
Starry,Starry Lemon Lime
State Fair,State Fair Corn Dogs
Stouffer's,Stouffer's Mac & Cheese
Stove Top,Stove Top Stuffing
Stretch Island,Stretch Island Fruit Leather
Stride,Stride Spark
Stubb's,Stubb's Marinades
Stubb's,Stubb's Rubs
Stubb's Rubs,Stubb's BBQ Sauce
Suave,Suave Shampoo
Suavitel,Suavitel Fabric Softener
Suja,Suja Juice
Sun Drop,Dr Pepper
SunChips,SunChips Garden Salsa
SunChips,SunChips Harvest Cheddar
SunChips,SunChips Original
Sunkist,Sunkist Orange
Sunkist,Sunkist Strawberry
Sunlight,Sunlight Dish Liquid
Sunsilk,Sunsilk Shampoo
Supreme Protein,Supreme Protein Bars
Sure,Sure Deodorant
Surf,Surf Laundry Detergent
Svedka,Svedka Vodka
Swanson,Swanson Stock
Swanson Stock,Swanson Broth
Sweet Earth Foods,Sweet Leaf Tea
Swiffer,Swiffer Dusters
Swiffer,Swiffer PowerMop
Swiffer,Swiffer Sweeper
Swiffer,Swiffer WetJet
T2,T2 Tea
TIGI,TIGI Bed Head
TRESemmé,TRESemmé Conditioner
TRESemmé,TRESemmé Shampoo
Talenti,Talenti Gelato
Tang,Tang Orange
Tango,Tango Mini Galletas
Target,A New Day
Target,All in Motion
Target,Brightroom
Target,Cat & Jack
Target,Cloud Island
Target,Favorite Day
Target,Good & Gather
Target,Goodfellow & Co
Target,Made By Design
Target,Market Pantry
Target,Opalhouse
Target,Pillowfort
Target,Project 62
Target,Room Essentials
Target,Smartly
Target,Threshold
Target,Universal Thread
Target,Up & Up
Tasty Bite,Tasty Bite Indian
Tazo,Tazo Iced Tea
Tazo,Tazo Tea
Teddy Grahams,Teddy Grahams Chocolate
Temptations,Temptations Mixups
Terra,Terra Chips
Terry's,Terry's Chocolate Orange
Thai Kitchen,Thai Kitchen Coconut Milk
Thai Kitchen,Thai Kitchen Curry Paste
The Macallan,The Macallan Single Malt
The Original Donut Shop,The Original Donut Shop Coffee
The Prisoner Red Blend,The Prisoner Wine Company
TheraBreath,TheraBreath Oral Rinse
Thums Up,Thums Up Cola
Tide,Tide Antibacterial
Tide,Tide Free & Gentle
Tide,Tide Hygienic Clean
Tide,Tide PODS
Tide,Tide Plus
Tide,Tide Simply
Tide,Tide To Go
Tide,Tide Ultra Oxi
Tide,Tide with Bleach
Tidy Cats,Tidy Cats Breeze
Tidy Cats,Tidy Cats Glade
Tidy Cats,Tidy Cats LightWeight
Tidy Cats,Tidy Cats Naturally Strong
Tilex,Tilex Mold & Mildew
Tito's,Tito's Handmade Vodka
Toblerone,Toblerone Dark Chocolate
Toblerone,Toblerone Milk Chocolate
Tom's of Maine,Tom's of Maine Deodorant
Tom's of Maine,Tom's of Maine Toothpaste
Tombstone,Tombstone Original
Tombstone,Tombstone Pizza
Topo Chico,Topo Chico Hard Seltzer
Topo Chico,Topo Chico Mineral Water
Topo Chico,Topo Chico Twist of Lime
Tostitos,Tostitos Hint of Lime
Tostitos,Tostitos Original
Tostitos,Tostitos Scoops
Totino's,Totino's Pizza Rolls
Town House,Town House Flatbread Crisps
Trader Joe's,Arabian Joe
Trader Joe's,Baker Josef's
Trader Joe's,Trader Giotto's
Trader Joe's,Trader Jacques'
Trader Joe's,Trader Joe's Organic
Trader Joe's,Trader José's
Trader Joe's,Trader Ming's
Trident,Trident Layers
Trident,Trident Splash
Trident,Trident Vibes
Trident,Trident White
Triscuit,Triscuit Cracked Pepper
Triscuit,Triscuit Original
Trix,Trix Yogurt
Trojan,Trojan Condoms
Trojan,Trojan Lubricants
Tropicana,Tropicana Essentials
Tropicana,Tropicana Farmstand
Tropicana,Tropicana Pure Premium
Tropicana,Tropicana Twister
Twix,Twix Cookies & Creme
Twix,Twix Ice Cream
Twix,Twix Peanut Butter
Twizzlers,Twizzlers Filled Twists
Twizzlers,Twizzlers Pull 'n' Peel
Twizzlers,Twizzlers Strawberry
Tyson,Tyson Air Fried Chicken
Tyson,Tyson Any'tizers
Tyson,Tyson Chicken Breast
Tyson,Tyson Chicken Nuggets
Tyson,Tyson Crispy Chicken Strips
Tyson,Tyson Grilled & Ready
Uncle Ben's,Ben's Original
V8,V8 Energy
V8,V8 Fusion
V8,V8 Original
V8,V8 Splash
Vaseline,Vaseline Lotion
Vaseline,Vaseline Petroleum Jelly
Velveeta,Velveeta Shells & Cheese
Venus,Venus Extra Smooth
Venus,Venus Sensitive
Venus,Venus Snap
Venus,Venus Swirl
Venus,Venus for Pubic Hair & Skin
Vernors,Vernors Ginger Ale
Vicks,Vicks DayQuil
Vicks,Vicks Formula 44
Vicks,Vicks NyQuil
Vicks,Vicks Sinex
Vicks,Vicks VapoRub
Victoria,Victoria Pale Lager
Victoria's Secret,Victoria's Secret Beauty
Victoria's Secret,Victoria's Secret Body
Victoria's Secret,Victoria's Secret Bombshell
Victoria's Secret,Victoria's Secret Dream Angels
Victoria's Secret,Victoria's Secret Pink
Victoria's Secret,Victoria's Secret Sport
Victoria's Secret,Victoria's Secret Very Sexy
Vita Coco,Vita Coco Coconut Water
Vitafusion,Vitafusion Gummy Vitamins
Vital Proteins,Vital Proteins Collagen Peptides
Walkers,Walkers Crisps
Walmart,Athletic Works
Walmart,Better Homes & Gardens
Walmart,Equate
Walmart,Faded Glory
Walmart,Freshness Guaranteed
Walmart,George
Walmart,Great Value
Walmart,Hyper Tough
Walmart,Kid Connection
Walmart,Mainstays
Walmart,Marketside
Walmart,Ol' Roy
Walmart,Ozark Trail
Walmart,Parent's Choice
Walmart,Pen+Gear
Walmart,Sam's Choice
Walmart,Special Kitty
Walmart,Time and Tru
Waterpik,Waterpik Water Flosser
Weetabix,Weetabix Organic
Wheat Thins,Wheat Thins Hint of Salt
Wheat Thins,Wheat Thins Original
Whiskas,Whiskas Dry
Whiskas,Whiskas Temptations
Whiskas,Whiskas Wet
Whisper,Whisper Ultra
Wholly,Wholly Guacamole
Wholly Guacamole,Wholly Salsa
Wishbone,Wishbone Salad Dressing
Woodford Reserve,Woodford Reserve Bourbon
Woodford Reserve,Woodford Reserve Double Oaked
Wright Brand,Wright Brand Bacon
Xtra,Xtra Laundry Detergent
Yamazaki,Yamazaki Single Malt
Yoo-hoo,Yoo-hoo Chocolate Drink
Yoplait,Oui by Yoplait
Yoplait,Yoplait Greek
Yoplait,Yoplait Greek 100
Yoplait,Yoplait Light
Yoplait,Yoplait Original
Yoplait,Yoplait Whips
York,York Peppermint Pattie
York,York Pieces
Zatarain's,Zatarain's Gumbo Mix
Zatarain's,Zatarain's Jambalaya Mix
Zatarain's,Zatarain's Red Beans & Rice
Zicam,Zicam Cold Remedy
Zico,Zico Coconut Water
ZzzQuil,ZzzQuil PURE Zzzs
belVita,belVita Breakfast Biscuits
belVita,belVita Soft Baked
bubly,bubly bounce
bubly,bubly drops
bubly,bubly sparkling water
vitaminwater,vitaminwater Energy
vitaminwater,vitaminwater XXX
vitaminwater,vitaminwater Zero
vitaminwater,vitaminwater zero
